jobID,  modelID,  status,  completionReason,  startTime,  endTime,  runtime(s),  expDesc,  numRecords,  modelParams|sensorParams|encoders|mem_active:n,  modelParams|tmParams|minThreshold,  modelParams|tmParams|activationThreshold,  modelParams|tmParams|pamLength,  modelParams|clParams|alpha,  modelParams|spParams|synPermInactiveDec,  multiStepBestPredictions:multiStep:errorMetric='aae':steps=[1]:window=1000:field=mem_active,  multiStepBestPredictions:multiStep:errorMetric='altMAPE':steps=[1]:window=1000:field=mem_active, 
1020,  1625,  completed,  eof,  2017-10-22 15:26:39,  2017-10-22 15:26:41,  2,  modelParams|sensorParams|encoders|mem_active:n_272.modelParams|tmParams|minThreshold_11.modelParams|tmParams|activationThreshold_14.modelParams|tmParams|pamLength_3.modelParams|clParams|alpha_0.05005.modelParams|spParams|synPermInactiveDec_0.05015,  100,  272,  11,  14,  3,  0.05005,  0.05015,  0.737097265575,  0.368570970422, 


jobID,  modelID,  status,  completionReason,  startTime,  endTime,  runtime(s),  expDesc,  numRecords,  modelParams|tmParams|minThreshold,  modelParams|tmParams|activationThreshold,  modelParams|sensorParams|encoders|mem:n,  modelParams|tmParams|pamLength,  modelParams|clParams|alpha,  modelParams|spParams|synPermInactiveDec,  multiStepBestPredictions:multiStep:errorMetric='aae':steps=[1]:window=1000:field=mem,  multiStepBestPredictions:multiStep:errorMetric='altMAPE':steps=[1]:window=1000:field=mem, 
1028,  2427,  completed,  eof,  2018-09-29 22:56:07,  2018-09-29 22:56:13,  6,  modelParams|tmParams|minThreshold_11.modelParams|tmParams|activationThreshold_14.modelParams|sensorParams|encoders|mem:n_272.modelParams|tmParams|pamLength_3.modelParams|clParams|alpha_0.05005.modelParams|spParams|synPermInactiveDec_0.05015,  300,  11,  14,  272,  3,  0.05005,  0.05015,  0.0,  0.0, 
1028,  2428,  completed,  eof,  2018-09-29 22:56:07,  2018-09-29 22:56:13,  6,  modelParams|tmParams|minThreshold_9.modelParams|tmParams|activationThreshold_12.modelParams|sensorParams|encoders|mem:n_22.modelParams|tmParams|pamLength_1.modelParams|clParams|alpha_0.0001.modelParams|spParams|synPermInactiveDec_0.1,  300,  9,  12,  22,  1,  0.0001,  0.1,  0.0,  0.0, 
1028,  2489,  completed,  eof,  2018-09-29 22:56:08,  2018-09-29 22:56:15,  7,  modelParams|tmParams|minThreshold_12.modelParams|tmParams|activationThreshold_16.modelParams|sensorParams|encoders|mem:n_521.modelParams|tmParams|pamLength_5.modelParams|clParams|alpha_0.1.modelParams|spParams|synPermInactiveDec_0.0003,  300,  12,  16,  521,  5,  0.1,  0.0003,  0.0,  0.0, 
1028,  2540,  completed,  eof,  2018-09-29 22:56:08,  2018-09-29 22:56:14,  6,  modelParams|tmParams|minThreshold_10.modelParams|tmParams|activationThreshold_13.modelParams|sensorParams|encoders|mem:n_147.modelParams|tmParams|pamLength_2.modelParams|clParams|alpha_0.025075.modelParams|spParams|synPermInactiveDec_0.075075,  300,  10,  13,  147,  2,  0.025075,  0.075075,  0.0,  0.0, 
1028,  2581,  completed,  eof,  2018-09-29 22:56:08,  2018-09-29 22:56:14,  6,  modelParams|tmParams|minThreshold_11.modelParams|tmParams|activationThreshold_15.modelParams|sensorParams|encoders|mem:n_396.modelParams|tmParams|pamLength_4.modelParams|clParams|alpha_0.075025.modelParams|spParams|synPermInactiveDec_0.025225,  300,  11,  15,  396,  4,  0.075025,  0.025225,  0.0,  0.0, 
1028,  2612,  completed,  eof,  2018-09-29 22:56:13,  2018-09-29 22:56:18,  5,  modelParams|tmParams|minThreshold_9.modelParams|tmParams|activationThreshold_12.modelParams|sensorParams|encoders|mem:n_22.modelParams|tmParams|pamLength_1.modelParams|clParams|alpha_0.0001.modelParams|spParams|synPermInactiveDec_0.1,  300,  9,  12,  22,  1,  0.0001,  0.1,  0.0,  0.0, 
1028,  2613,  completed,  eof,  2018-09-29 22:56:13,  2018-09-29 22:56:19,  6,  modelParams|tmParams|minThreshold_11.modelParams|tmParams|activationThreshold_14.modelParams|sensorParams|encoders|mem:n_296.modelParams|tmParams|pamLength_3.modelParams|clParams|alpha_0.055045.modelParams|spParams|synPermInactiveDec_0.055135,  300,  11,  14,  296,  3,  0.055045,  0.055135,  0.0,  0.0, 
1028,  2614,  completed,  eof,  2018-09-29 22:56:14,  2018-09-29 22:56:19,  5,  modelParams|tmParams|minThreshold_11.modelParams|tmParams|activationThreshold_14.modelParams|sensorParams|encoders|mem:n_306.modelParams|tmParams|pamLength_3.modelParams|clParams|alpha_0.0403576742222.modelParams|spParams|synPermInactiveDec_0.0451116077776,  300,  11,  14,  306,  3,  0.0403576742222,  0.0451116077776,  0.0,  0.0, 
1028,  2615,  completed,  eof,  2018-09-29 22:56:14,  2018-09-29 22:56:19,  5,  modelParams|tmParams|minThreshold_10.modelParams|tmParams|activationThreshold_14.modelParams|sensorParams|encoders|mem:n_239.modelParams|tmParams|pamLength_3.modelParams|clParams|alpha_0.0597423257778.modelParams|spParams|synPermInactiveDec_0.0452183922224,  300,  10,  14,  239,  3,  0.0597423257778,  0.0452183922224,  0.0,  0.0, 
1028,  2616,  completed,  eof,  2018-09-29 22:56:15,  2018-09-29 22:56:21,  6,  modelParams|tmParams|minThreshold_11.modelParams|tmParams|activationThreshold_14.modelParams|sensorParams|encoders|mem:n_229.modelParams|tmParams|pamLength_4.modelParams|clParams|alpha_0.0644396515556.modelParams|spParams|synPermInactiveDec_0.0552417844448,  300,  11,  14,  229,  4,  0.0644396515556,  0.0552417844448,  0.0,  0.0, 
1028,  2617,  completed,  killed,  2018-09-29 22:56:18,  2018-09-29 22:56:21,  3,  modelParams|tmParams|minThreshold_9.modelParams|tmParams|activationThreshold_12.modelParams|sensorParams|encoders|mem:n_31.modelParams|tmParams|pamLength_1.modelParams|clParams|alpha_0.001973125.modelParams|spParams|synPermInactiveDec_0.098130625,  150,  9,  12,  31,  1,  0.001973125,  0.098130625,  0.0,  0.0, 
1028,  2618,  completed,  killed,  2018-09-29 22:56:19,  2018-09-29 22:56:21,  2,  modelParams|tmParams|minThreshold_11.modelParams|tmParams|activationThreshold_14.modelParams|sensorParams|encoders|mem:n_270.modelParams|tmParams|pamLength_3.modelParams|clParams|alpha_0.0510284652066.modelParams|spParams|synPermInactiveDec_0.0502795805251,  100,  11,  14,  270,  3,  0.0510284652066,  0.0502795805251,  0.0,  0.0, 
1028,  2619,  completed,  killed,  2018-09-29 22:56:19,  2018-09-29 22:56:21,  2,  modelParams|tmParams|minThreshold_11.modelParams|tmParams|activationThreshold_14.modelParams|sensorParams|encoders|mem:n_265.modelParams|tmParams|pamLength_3.modelParams|clParams|alpha_0.048346380927.modelParams|spParams|synPermInactiveDec_0.049317736745,  100,  11,  14,  265,  3,  0.048346380927,  0.049317736745,  0.0,  0.0, 
1028,  2620,  completed,  killed,  2018-09-29 22:56:19,  2018-09-29 22:56:21,  2,  modelParams|tmParams|minThreshold_11.modelParams|tmParams|activationThreshold_14.modelParams|sensorParams|encoders|mem:n_277.modelParams|tmParams|pamLength_3.modelParams|clParams|alpha_0.051753619073.modelParams|spParams|synPermInactiveDec_0.0507231022048,  50,  11,  14,  277,  3,  0.051753619073,  0.0507231022048,  0.0,  0.0, 


jobID,  modelID,  status,  completionReason,  startTime,  endTime,  runtime(s),  expDesc,  numRecords,  modelParams|tmParams|minThreshold,  modelParams|tmParams|activationThreshold,  modelParams|sensorParams|encoders|mem:n,  modelParams|tmParams|pamLength,  modelParams|clParams|alpha,  modelParams|spParams|synPermInactiveDec,  multiStepBestPredictions:multiStep:errorMetric='aae':steps=[1]:window=1000:field=mem,  multiStepBestPredictions:multiStep:errorMetric='altMAPE':steps=[1]:window=1000:field=mem, 
1031,  2845,  completed,  eof,  2018-09-29 23:03:44,  2018-09-29 23:03:51,  7,  modelParams|tmParams|minThreshold_11.modelParams|tmParams|activationThreshold_14.modelParams|sensorParams|encoders|mem:n_272.modelParams|tmParams|pamLength_3.modelParams|clParams|alpha_0.05005.modelParams|spParams|synPermInactiveDec_0.05015,  300,  11,  14,  272,  3,  0.05005,  0.05015,  3.27200860933e-05,  0.000167862635151, 
1031,  2852,  completed,  eof,  2018-09-29 23:03:45,  2018-09-29 23:03:50,  5,  modelParams|tmParams|minThreshold_9.modelParams|tmParams|activationThreshold_12.modelParams|sensorParams|encoders|mem:n_22.modelParams|tmParams|pamLength_1.modelParams|clParams|alpha_0.0001.modelParams|spParams|synPermInactiveDec_0.1,  300,  9,  12,  22,  1,  0.0001,  0.1,  5.40176079201e-05,  0.000277124515633, 
1031,  2907,  completed,  eof,  2018-09-29 23:03:45,  2018-09-29 23:03:52,  7,  modelParams|tmParams|minThreshold_12.modelParams|tmParams|activationThreshold_16.modelParams|sensorParams|encoders|mem:n_521.modelParams|tmParams|pamLength_5.modelParams|clParams|alpha_0.1.modelParams|spParams|synPermInactiveDec_0.0003,  300,  12,  16,  521,  5,  0.1,  0.0003,  5.36826728533e-05,  0.000275406210773, 
1031,  2958,  completed,  eof,  2018-09-29 23:03:45,  2018-09-29 23:03:51,  6,  modelParams|tmParams|minThreshold_10.modelParams|tmParams|activationThreshold_13.modelParams|sensorParams|encoders|mem:n_147.modelParams|tmParams|pamLength_2.modelParams|clParams|alpha_0.025075.modelParams|spParams|synPermInactiveDec_0.075075,  300,  10,  13,  147,  2,  0.025075,  0.075075,  1.47690662377e-05,  7.5769188697e-05, 
1031,  2999,  completed,  eof,  2018-09-29 23:03:46,  2018-09-29 23:03:52,  6,  modelParams|tmParams|minThreshold_11.modelParams|tmParams|activationThreshold_15.modelParams|sensorParams|encoders|mem:n_396.modelParams|tmParams|pamLength_4.modelParams|clParams|alpha_0.075025.modelParams|spParams|synPermInactiveDec_0.025225,  300,  11,  15,  396,  4,  0.075025,  0.025225,  4.1534368989e-05,  0.00021308222136, 
1031,  3030,  completed,  eof,  2018-09-29 23:03:51,  2018-09-29 23:03:55,  4,  modelParams|tmParams|minThreshold_9.modelParams|tmParams|activationThreshold_12.modelParams|sensorParams|encoders|mem:n_22.modelParams|tmParams|pamLength_1.modelParams|clParams|alpha_0.0001.modelParams|spParams|synPermInactiveDec_0.1,  300,  9,  12,  22,  1,  0.0001,  0.1,  5.40176079201e-05,  0.000277124515633, 
1031,  3031,  completed,  eof,  2018-09-29 23:03:51,  2018-09-29 23:03:56,  5,  modelParams|tmParams|minThreshold_11.modelParams|tmParams|activationThreshold_14.modelParams|sensorParams|encoders|mem:n_296.modelParams|tmParams|pamLength_3.modelParams|clParams|alpha_0.055045.modelParams|spParams|synPermInactiveDec_0.055135,  300,  11,  14,  296,  3,  0.055045,  0.055135,  3.27353345301e-05,  0.000167940863637, 
1031,  3032,  completed,  eof,  2018-09-29 23:03:51,  2018-09-29 23:03:56,  5,  modelParams|tmParams|minThreshold_10.modelParams|tmParams|activationThreshold_13.modelParams|sensorParams|encoders|mem:n_172.modelParams|tmParams|pamLength_2.modelParams|clParams|alpha_0.02008.modelParams|spParams|synPermInactiveDec_0.07009,  300,  10,  13,  172,  2,  0.02008,  0.07009,  1.31944871433e-05,  6.76911844007e-05, 
1031,  3033,  completed,  eof,  2018-09-29 23:03:52,  2018-09-29 23:03:57,  5,  modelParams|tmParams|minThreshold_10.modelParams|tmParams|activationThreshold_13.modelParams|sensorParams|encoders|mem:n_105.modelParams|tmParams|pamLength_3.modelParams|clParams|alpha_0.0394646515556.modelParams|spParams|synPermInactiveDec_0.0701967844448,  300,  10,  13,  105,  3,  0.0394646515556,  0.0701967844448,  3.27200860933e-05,  0.000167862635151, 
1031,  3034,  completed,  eof,  2018-09-29 23:03:52,  2018-09-29 23:03:57,  5,  modelParams|tmParams|minThreshold_10.modelParams|tmParams|activationThreshold_13.modelParams|sensorParams|encoders|mem:n_96.modelParams|tmParams|pamLength_3.modelParams|clParams|alpha_0.0441619773334.modelParams|spParams|synPermInactiveDec_0.0802201766672,  300,  10,  13,  96,  3,  0.0441619773334,  0.0802201766672,  3.27353345301e-05,  0.000167940863637, 
1031,  3035,  completed,  eof,  2018-09-29 23:03:55,  2018-09-29 23:04:00,  5,  modelParams|tmParams|minThreshold_10.modelParams|tmParams|activationThreshold_13.modelParams|sensorParams|encoders|mem:n_150.modelParams|tmParams|pamLength_2.modelParams|clParams|alpha_0.0191289242222.modelParams|spParams|synPermInactiveDec_0.0762678577776,  300,  10,  13,  150,  2,  0.0191289242222,  0.0762678577776,  1.31944871433e-05,  6.76911844007e-05, 
1031,  3036,  completed,  eof,  2018-09-29 23:03:56,  2018-09-29 23:04:02,  6,  modelParams|tmParams|minThreshold_10.modelParams|tmParams|activationThreshold_13.modelParams|sensorParams|encoders|mem:n_178.modelParams|tmParams|pamLength_2.modelParams|clParams|alpha_0.01883125.modelParams|spParams|synPermInactiveDec_0.06884375,  300,  10,  13,  178,  2,  0.01883125,  0.06884375,  1.29479901267e-05,  6.64265899664e-05, 
1031,  3037,  completed,  eof,  2018-09-29 23:03:56,  2018-09-29 23:04:02,  6,  modelParams|tmParams|minThreshold_10.modelParams|tmParams|activationThreshold_13.modelParams|sensorParams|encoders|mem:n_163.modelParams|tmParams|pamLength_2.modelParams|clParams|alpha_0.02669525614.modelParams|spParams|synPermInactiveDec_0.070262294303,  300,  10,  13,  163,  2,  0.02669525614,  0.070262294303,  1.47690663147e-05,  7.5769189092e-05, 
1031,  3038,  completed,  eof,  2018-09-29 23:03:57,  2018-09-29 23:04:02,  5,  modelParams|tmParams|minThreshold_10.modelParams|tmParams|activationThreshold_12.modelParams|sensorParams|encoders|mem:n_71.modelParams|tmParams|pamLength_1.modelParams|clParams|alpha_0.0106498594148.modelParams|spParams|synPermInactiveDec_0.090048344161,  300,  10,  12,  71,  1,  0.0106498594148,  0.090048344161,  1.26294231341e-05,  6.47922576272e-05, 
1031,  3039,  completed,  eof,  2018-09-29 23:03:57,  2018-09-29 23:04:03,  6,  modelParams|tmParams|minThreshold_9.modelParams|tmParams|activationThreshold_13.modelParams|sensorParams|encoders|mem:n_104.modelParams|tmParams|pamLength_1.modelParams|clParams|alpha_0.0148357997136.modelParams|spParams|synPermInactiveDec_0.0813327173666,  300,  9,  13,  104,  1,  0.0148357997136,  0.0813327173666,  1.91581676347e-05,  9.82864316024e-05, 
1031,  3040,  completed,  eof,  2018-09-29 23:04:01,  2018-09-29 23:04:06,  5,  modelParams|tmParams|minThreshold_10.modelParams|tmParams|activationThreshold_13.modelParams|sensorParams|encoders|mem:n_205.modelParams|tmParams|pamLength_2.modelParams|clParams|alpha_0.0246583516654.modelParams|spParams|synPermInactiveDec_0.0641437307611,  300,  10,  13,  205,  2,  0.0246583516654,  0.0641437307611,  1.40498756978e-05,  7.20795523416e-05, 
1031,  3041,  completed,  eof,  2018-09-29 23:04:02,  2018-09-29 23:04:08,  6,  modelParams|tmParams|minThreshold_10.modelParams|tmParams|activationThreshold_13.modelParams|sensorParams|encoders|mem:n_179.modelParams|tmParams|pamLength_2.modelParams|clParams|alpha_0.0185190625.modelParams|spParams|synPermInactiveDec_0.0685321875,  300,  10,  13,  179,  2,  0.0185190625,  0.0685321875,  1.29479901267e-05,  6.64265899663e-05, 
1031,  3052,  completed,  eof,  2018-09-29 23:04:02,  2018-09-29 23:04:07,  5,  modelParams|tmParams|minThreshold_10.modelParams|tmParams|activationThreshold_12.modelParams|sensorParams|encoders|mem:n_32.modelParams|tmParams|pamLength_1.modelParams|clParams|alpha_0.00658025951197.modelParams|spParams|synPermInactiveDec_0.0938725517357,  300,  10,  12,  32,  1,  0.00658025951197,  0.0938725517357,  1.26294231341e-05,  6.47922576272e-05, 
1031,  3063,  completed,  eof,  2018-09-29 23:04:02,  2018-09-29 23:04:08,  6,  modelParams|tmParams|minThreshold_10.modelParams|tmParams|activationThreshold_12.modelParams|sensorParams|encoders|mem:n_64.modelParams|tmParams|pamLength_1.modelParams|clParams|alpha_0.00227182993515.modelParams|spParams|synPermInactiveDec_0.0925053860344,  300,  10,  12,  64,  1,  0.00227182993515,  0.0925053860344,  1.24656018279e-05,  6.39518113006e-05, 
1031,  3064,  completed,  eof,  2018-09-29 23:04:03,  2018-09-29 23:04:09,  6,  modelParams|tmParams|minThreshold_10.modelParams|tmParams|activationThreshold_12.modelParams|sensorParams|encoders|mem:n_68.modelParams|tmParams|pamLength_1.modelParams|clParams|alpha_0.00527994276139.modelParams|spParams|synPermInactiveDec_0.0928509972684,  300,  10,  12,  68,  1,  0.00527994276139,  0.0928509972684,  1.24656230363e-05,  6.39519201055e-05, 
1031,  3065,  completed,  eof,  2018-09-29 23:04:06,  2018-09-29 23:04:12,  6,  modelParams|tmParams|minThreshold_10.modelParams|tmParams|activationThreshold_12.modelParams|sensorParams|encoders|mem:n_60.modelParams|tmParams|pamLength_2.modelParams|clParams|alpha_0.0133277649812.modelParams|spParams|synPermInactiveDec_0.089762707935,  300,  10,  12,  60,  2,  0.0133277649812,  0.089762707935,  1.29479739293e-05,  6.64265068694e-05, 
1031,  3066,  completed,  eof,  2018-09-29 23:04:07,  2018-09-29 23:04:13,  6,  modelParams|tmParams|minThreshold_10.modelParams|tmParams|activationThreshold_12.modelParams|sensorParams|encoders|mem:n_40.modelParams|tmParams|pamLength_1.modelParams|clParams|alpha_0.00485569538176.modelParams|spParams|synPermInactiveDec_0.0959427166258,  300,  10,  12,  40,  1,  0.00485569538176,  0.0959427166258,  1.24664605953e-05,  6.39562170028e-05, 
1031,  3067,  completed,  eof,  2018-09-29 23:04:08,  2018-09-29 23:04:13,  5,  modelParams|tmParams|minThreshold_10.modelParams|tmParams|activationThreshold_12.modelParams|sensorParams|encoders|mem:n_64.modelParams|tmParams|pamLength_1.modelParams|clParams|alpha_0.0120518610084.modelParams|spParams|synPermInactiveDec_0.0900165436231,  300,  10,  12,  64,  1,  0.0120518610084,  0.0900165436231,  1.28035370604e-05,  6.56855077979e-05, 
1031,  3068,  completed,  eof,  2018-09-29 23:04:08,  2018-09-29 23:04:13,  5,  modelParams|tmParams|minThreshold_10.modelParams|tmParams|activationThreshold_12.modelParams|sensorParams|encoders|mem:n_63.modelParams|tmParams|pamLength_1.modelParams|clParams|alpha_0.000177322565232.modelParams|spParams|synPermInactiveDec_0.0931196465028,  300,  10,  12,  63,  1,  0.000177322565232,  0.0931196465028,  1.24656018278e-05,  6.39518113004e-05, 
1031,  3069,  completed,  eof,  2018-09-29 23:04:09,  2018-09-29 23:04:14,  5,  modelParams|tmParams|minThreshold_10.modelParams|tmParams|activationThreshold_12.modelParams|sensorParams|encoders|mem:n_55.modelParams|tmParams|pamLength_1.modelParams|clParams|alpha_0.000448634903158.modelParams|spParams|synPermInactiveDec_0.0953842156708,  300,  10,  12,  55,  1,  0.000448634903158,  0.0953842156708,  1.24656018278e-05,  6.39518113004e-05, 
1031,  3070,  completed,  eof,  2018-09-29 23:04:12,  2018-09-29 23:04:17,  5,  modelParams|tmParams|minThreshold_10.modelParams|tmParams|activationThreshold_12.modelParams|sensorParams|encoders|mem:n_29.modelParams|tmParams|pamLength_1.modelParams|clParams|alpha_0.00151859582423.modelParams|spParams|synPermInactiveDec_0.0989160054604,  300,  10,  12,  29,  1,  0.00151859582423,  0.0989160054604,  1.24656018279e-05,  6.39518113006e-05, 
1031,  3071,  completed,  eof,  2018-09-29 23:04:13,  2018-09-29 23:04:18,  5,  modelParams|tmParams|minThreshold_10.modelParams|tmParams|activationThreshold_12.modelParams|sensorParams|encoders|mem:n_68.modelParams|tmParams|pamLength_1.modelParams|clParams|alpha_0.00232666518963.modelParams|spParams|synPermInactiveDec_0.0930155640987,  300,  10,  12,  68,  1,  0.00232666518963,  0.0930155640987,  1.24656018279e-05,  6.39518113006e-05, 
1031,  3072,  completed,  eof,  2018-09-29 23:04:13,  2018-09-29 23:04:18,  5,  modelParams|tmParams|minThreshold_10.modelParams|tmParams|activationThreshold_12.modelParams|sensorParams|encoders|mem:n_35.modelParams|tmParams|pamLength_1.modelParams|clParams|alpha_0.00249446868409.modelParams|spParams|synPermInactiveDec_0.0978818064524,  300,  10,  12,  35,  1,  0.00249446868409,  0.0978818064524,  1.24656018279e-05,  6.39518113006e-05, 
1031,  3073,  completed,  eof,  2018-09-29 23:04:13,  2018-09-29 23:04:19,  6,  modelParams|tmParams|minThreshold_10.modelParams|tmParams|activationThreshold_12.modelParams|sensorParams|encoders|mem:n_62.modelParams|tmParams|pamLength_1.modelParams|clParams|alpha_0.0001.modelParams|spParams|synPermInactiveDec_0.0932732116199,  300,  10,  12,  62,  1,  0.0001,  0.0932732116199,  1.24656018278e-05,  6.39518113004e-05, 
1031,  3074,  completed,  eof,  2018-09-29 23:04:14,  2018-09-29 23:04:19,  5,  modelParams|tmParams|minThreshold_10.modelParams|tmParams|activationThreshold_12.modelParams|sensorParams|encoders|mem:n_60.modelParams|tmParams|pamLength_1.modelParams|clParams|alpha_0.0001.modelParams|spParams|synPermInactiveDec_0.0937481001352,  300,  10,  12,  60,  1,  0.0001,  0.0937481001352,  1.24656018278e-05,  6.39518113004e-05, 
1031,  3075,  completed,  killed,  2018-09-29 23:04:18,  2018-09-29 23:04:20,  2,  modelParams|tmParams|minThreshold_10.modelParams|tmParams|activationThreshold_12.modelParams|sensorParams|encoders|mem:n_57.modelParams|tmParams|pamLength_1.modelParams|clParams|alpha_0.0001.modelParams|spParams|synPermInactiveDec_0.0953955544153,  100,  10,  12,  57,  1,  0.0001,  0.0953955544153,  3.76486358235e-05,  0.000193135163103, 
1031,  3076,  completed,  killed,  2018-09-29 23:04:18,  2018-09-29 23:04:19,  1,  modelParams|tmParams|minThreshold_10.modelParams|tmParams|activationThreshold_12.modelParams|sensorParams|encoders|mem:n_70.modelParams|tmParams|pamLength_1.modelParams|clParams|alpha_0.0001.modelParams|spParams|synPermInactiveDec_0.0923880813275,  50,  10,  12,  70,  1,  0.0001,  0.0923880813275,  0.0,  0.0, 
1031,  3077,  completed,  killed,  2018-09-29 23:04:19,  2018-09-29 23:04:20,  1,  modelParams|tmParams|minThreshold_10.modelParams|tmParams|activationThreshold_12.modelParams|sensorParams|encoders|mem:n_58.modelParams|tmParams|pamLength_1.modelParams|clParams|alpha_0.0001.modelParams|spParams|synPermInactiveDec_0.0950757611147,  50,  10,  12,  58,  1,  0.0001,  0.0950757611147,  0.0,  0.0, 
1031,  3078,  completed,  killed,  2018-09-29 23:04:19,  2018-09-29 23:04:20,  1,  modelParams|tmParams|minThreshold_10.modelParams|tmParams|activationThreshold_12.modelParams|sensorParams|encoders|mem:n_64.modelParams|tmParams|pamLength_1.modelParams|clParams|alpha_0.0001.modelParams|spParams|synPermInactiveDec_0.0931236382878,  50,  10,  12,  64,  1,  0.0001,  0.0931236382878,  0.0,  0.0, 


jobID,  modelID,  status,  completionReason,  startTime,  endTime,  runtime(s),  expDesc,  numRecords,  modelParams|tmParams|minThreshold,  modelParams|tmParams|activationThreshold,  modelParams|sensorParams|encoders|mem:n,  modelParams|tmParams|pamLength,  modelParams|clParams|alpha,  modelParams|spParams|synPermInactiveDec,  multiStepBestPredictions:multiStep:errorMetric='aae':steps=[1]:window=1000:field=mem,  multiStepBestPredictions:multiStep:errorMetric='altMAPE':steps=[1]:window=1000:field=mem, 
1032,  3079,  completed,  eof,  2018-09-29 23:05:18,  2018-09-29 23:05:24,  6,  modelParams|tmParams|minThreshold_11.modelParams|tmParams|activationThreshold_14.modelParams|sensorParams|encoders|mem:n_272.modelParams|tmParams|pamLength_3.modelParams|clParams|alpha_0.05005.modelParams|spParams|synPermInactiveDec_0.05015,  300,  11,  14,  272,  3,  0.05005,  0.05015,  0.000428500326669,  0.00216051977153, 
1032,  3094,  completed,  eof,  2018-09-29 23:05:18,  2018-09-29 23:05:24,  6,  modelParams|tmParams|minThreshold_9.modelParams|tmParams|activationThreshold_12.modelParams|sensorParams|encoders|mem:n_22.modelParams|tmParams|pamLength_1.modelParams|clParams|alpha_0.0001.modelParams|spParams|synPermInactiveDec_0.1,  300,  9,  12,  22,  1,  0.0001,  0.1,  0.000433562379364,  0.00218604289078, 
1032,  3149,  completed,  eof,  2018-09-29 23:05:18,  2018-09-29 23:05:25,  7,  modelParams|tmParams|minThreshold_12.modelParams|tmParams|activationThreshold_16.modelParams|sensorParams|encoders|mem:n_521.modelParams|tmParams|pamLength_5.modelParams|clParams|alpha_0.1.modelParams|spParams|synPermInactiveDec_0.0003,  300,  12,  16,  521,  5,  0.1,  0.0003,  0.000417567290321,  0.00210539486328, 
1032,  3179,  completed,  eof,  2018-09-29 23:05:19,  2018-09-29 23:05:24,  5,  modelParams|tmParams|minThreshold_10.modelParams|tmParams|activationThreshold_13.modelParams|sensorParams|encoders|mem:n_147.modelParams|tmParams|pamLength_2.modelParams|clParams|alpha_0.025075.modelParams|spParams|synPermInactiveDec_0.075075,  300,  10,  13,  147,  2,  0.025075,  0.075075,  0.000210056621677,  0.00105911584199, 
1032,  3200,  completed,  eof,  2018-09-29 23:05:19,  2018-09-29 23:05:25,  6,  modelParams|tmParams|minThreshold_11.modelParams|tmParams|activationThreshold_15.modelParams|sensorParams|encoders|mem:n_396.modelParams|tmParams|pamLength_4.modelParams|clParams|alpha_0.075025.modelParams|spParams|synPermInactiveDec_0.025225,  300,  11,  15,  396,  4,  0.075025,  0.025225,  0.000432720105548,  0.00218179610467, 
1032,  3224,  completed,  eof,  2018-09-29 23:05:24,  2018-09-29 23:05:28,  4,  modelParams|tmParams|minThreshold_9.modelParams|tmParams|activationThreshold_12.modelParams|sensorParams|encoders|mem:n_22.modelParams|tmParams|pamLength_1.modelParams|clParams|alpha_0.0001.modelParams|spParams|synPermInactiveDec_0.1,  300,  9,  12,  22,  1,  0.0001,  0.1,  0.000433562379364,  0.00218604289078, 
1032,  3225,  completed,  eof,  2018-09-29 23:05:24,  2018-09-29 23:05:29,  5,  modelParams|tmParams|minThreshold_11.modelParams|tmParams|activationThreshold_14.modelParams|sensorParams|encoders|mem:n_296.modelParams|tmParams|pamLength_3.modelParams|clParams|alpha_0.055045.modelParams|spParams|synPermInactiveDec_0.055135,  300,  11,  14,  296,  3,  0.055045,  0.055135,  0.000429228527836,  0.00216419139772, 
1032,  3236,  completed,  eof,  2018-09-29 23:05:24,  2018-09-29 23:05:29,  5,  modelParams|tmParams|minThreshold_10.modelParams|tmParams|activationThreshold_13.modelParams|sensorParams|encoders|mem:n_172.modelParams|tmParams|pamLength_2.modelParams|clParams|alpha_0.02008.modelParams|spParams|synPermInactiveDec_0.07009,  300,  10,  13,  172,  2,  0.02008,  0.07009,  0.000134861351566,  0.00067997758307, 
1032,  3237,  completed,  eof,  2018-09-29 23:05:25,  2018-09-29 23:05:29,  4,  modelParams|tmParams|minThreshold_10.modelParams|tmParams|activationThreshold_13.modelParams|sensorParams|encoders|mem:n_105.modelParams|tmParams|pamLength_3.modelParams|clParams|alpha_0.0394646515556.modelParams|spParams|synPermInactiveDec_0.0701967844448,  300,  10,  13,  105,  3,  0.0394646515556,  0.0701967844448,  0.000428500326669,  0.00216051977153, 
1032,  3238,  completed,  eof,  2018-09-29 23:05:26,  2018-09-29 23:05:30,  4,  modelParams|tmParams|minThreshold_10.modelParams|tmParams|activationThreshold_13.modelParams|sensorParams|encoders|mem:n_96.modelParams|tmParams|pamLength_3.modelParams|clParams|alpha_0.0441619773334.modelParams|spParams|synPermInactiveDec_0.0802201766672,  300,  10,  13,  96,  3,  0.0441619773334,  0.0802201766672,  0.000429228527837,  0.00216419139772, 
1032,  3259,  completed,  eof,  2018-09-29 23:05:28,  2018-09-29 23:05:33,  5,  modelParams|tmParams|minThreshold_10.modelParams|tmParams|activationThreshold_13.modelParams|sensorParams|encoders|mem:n_150.modelParams|tmParams|pamLength_2.modelParams|clParams|alpha_0.0191289242222.modelParams|spParams|synPermInactiveDec_0.0762678577776,  300,  10,  13,  150,  2,  0.0191289242222,  0.0762678577776,  0.000134861351565,  0.000679977583069, 
1032,  3270,  completed,  eof,  2018-09-29 23:05:29,  2018-09-29 23:05:34,  5,  modelParams|tmParams|minThreshold_9.modelParams|tmParams|activationThreshold_13.modelParams|sensorParams|encoders|mem:n_77.modelParams|tmParams|pamLength_1.modelParams|clParams|alpha_0.018891334558.modelParams|spParams|synPermInactiveDec_0.0863283958111,  300,  9,  13,  77,  1,  0.018891334558,  0.0863283958111,  0.000169298307293,  0.000853610411542, 
1032,  3271,  completed,  eof,  2018-09-29 23:05:30,  2018-09-29 23:05:34,  4,  modelParams|tmParams|minThreshold_10.modelParams|tmParams|activationThreshold_13.modelParams|sensorParams|encoders|mem:n_178.modelParams|tmParams|pamLength_2.modelParams|clParams|alpha_0.01883125.modelParams|spParams|synPermInactiveDec_0.06884375,  300,  10,  13,  178,  2,  0.01883125,  0.06884375,  0.000123089691563,  0.00062062429301, 
1032,  3272,  completed,  eof,  2018-09-29 23:05:30,  2018-09-29 23:05:34,  4,  modelParams|tmParams|minThreshold_10.modelParams|tmParams|activationThreshold_13.modelParams|sensorParams|encoders|mem:n_163.modelParams|tmParams|pamLength_2.modelParams|clParams|alpha_0.02669525614.modelParams|spParams|synPermInactiveDec_0.070262294303,  300,  10,  13,  163,  2,  0.02669525614,  0.070262294303,  0.000210056625355,  0.00105911586054, 
1032,  3273,  completed,  eof,  2018-09-29 23:05:30,  2018-09-29 23:05:35,  5,  modelParams|tmParams|minThreshold_10.modelParams|tmParams|activationThreshold_13.modelParams|sensorParams|encoders|mem:n_187.modelParams|tmParams|pamLength_2.modelParams|clParams|alpha_0.0241733919612.modelParams|spParams|synPermInactiveDec_0.0723169502703,  300,  10,  13,  187,  2,  0.0241733919612,  0.0723169502703,  0.00017571110858,  0.000885944071774, 
1032,  3274,  completed,  eof,  2018-09-29 23:05:33,  2018-09-29 23:05:38,  5,  modelParams|tmParams|minThreshold_10.modelParams|tmParams|activationThreshold_13.modelParams|sensorParams|encoders|mem:n_181.modelParams|tmParams|pamLength_2.modelParams|clParams|alpha_0.0238861552777.modelParams|spParams|synPermInactiveDec_0.070334822222,  300,  10,  13,  181,  2,  0.0238861552777,  0.070334822222,  0.00017571110858,  0.000885944071774, 
1032,  3275,  completed,  eof,  2018-09-29 23:05:34,  2018-09-29 23:05:39,  5,  modelParams|tmParams|minThreshold_10.modelParams|tmParams|activationThreshold_12.modelParams|sensorParams|encoders|mem:n_148.modelParams|tmParams|pamLength_2.modelParams|clParams|alpha_0.0139409088445.modelParams|spParams|synPermInactiveDec_0.0802792097873,  300,  10,  12,  148,  2,  0.0139409088445,  0.0802792097873,  0.000102217392723,  0.000515385133283, 
1032,  3286,  completed,  eof,  2018-09-29 23:05:34,  2018-09-29 23:05:39,  5,  modelParams|tmParams|minThreshold_10.modelParams|tmParams|activationThreshold_13.modelParams|sensorParams|encoders|mem:n_116.modelParams|tmParams|pamLength_2.modelParams|clParams|alpha_0.0134645723798.modelParams|spParams|synPermInactiveDec_0.0800625459624,  300,  10,  13,  116,  2,  0.0134645723798,  0.0800625459624,  0.000102217392723,  0.000515385133283, 
1032,  3287,  completed,  eof,  2018-09-29 23:05:34,  2018-09-29 23:05:39,  5,  modelParams|tmParams|minThreshold_10.modelParams|tmParams|activationThreshold_13.modelParams|sensorParams|encoders|mem:n_179.modelParams|tmParams|pamLength_2.modelParams|clParams|alpha_0.0185190625.modelParams|spParams|synPermInactiveDec_0.0685321875,  300,  10,  13,  179,  2,  0.0185190625,  0.0685321875,  0.000123089691563,  0.00062062429301, 
1032,  3288,  completed,  eof,  2018-09-29 23:05:35,  2018-09-29 23:05:40,  5,  modelParams|tmParams|minThreshold_10.modelParams|tmParams|activationThreshold_13.modelParams|sensorParams|encoders|mem:n_200.modelParams|tmParams|pamLength_2.modelParams|clParams|alpha_0.0148388596587.modelParams|spParams|synPermInactiveDec_0.0668605034055,  300,  10,  13,  200,  2,  0.0148388596587,  0.0668605034055,  0.000102217392723,  0.000515385133283, 
1032,  3289,  completed,  eof,  2018-09-29 23:05:38,  2018-09-29 23:05:43,  5,  modelParams|tmParams|minThreshold_10.modelParams|tmParams|activationThreshold_13.modelParams|sensorParams|encoders|mem:n_178.modelParams|tmParams|pamLength_2.modelParams|clParams|alpha_0.0198191258012.modelParams|spParams|synPermInactiveDec_0.0686736228615,  300,  10,  13,  178,  2,  0.0198191258012,  0.0686736228615,  0.000134861351565,  0.000679977583069, 
1032,  3300,  completed,  eof,  2018-09-29 23:05:39,  2018-09-29 23:05:44,  5,  modelParams|tmParams|minThreshold_10.modelParams|tmParams|activationThreshold_13.modelParams|sensorParams|encoders|mem:n_180.modelParams|tmParams|pamLength_2.modelParams|clParams|alpha_0.018441015625.modelParams|spParams|synPermInactiveDec_0.068454296875,  300,  10,  13,  180,  2,  0.018441015625,  0.068454296875,  0.000123089691563,  0.00062062429301, 
1032,  3301,  completed,  eof,  2018-09-29 23:05:39,  2018-09-29 23:05:44,  5,  modelParams|tmParams|minThreshold_10.modelParams|tmParams|activationThreshold_12.modelParams|sensorParams|encoders|mem:n_166.modelParams|tmParams|pamLength_2.modelParams|clParams|alpha_0.0127033024161.modelParams|spParams|synPermInactiveDec_0.0787669132814,  300,  10,  12,  166,  2,  0.0127033024161,  0.0787669132814,  0.000100569390734,  0.000507075826009, 
1032,  3312,  completed,  eof,  2018-09-29 23:05:39,  2018-09-29 23:05:44,  5,  modelParams|tmParams|minThreshold_10.modelParams|tmParams|activationThreshold_12.modelParams|sensorParams|encoders|mem:n_139.modelParams|tmParams|pamLength_2.modelParams|clParams|alpha_0.0105436480123.modelParams|spParams|synPermInactiveDec_0.0827297368211,  300,  10,  12,  139,  2,  0.0105436480123,  0.0827297368211,  0.000100173708752,  0.000505080777951, 
1032,  3313,  completed,  eof,  2018-09-29 23:05:40,  2018-09-29 23:05:45,  5,  modelParams|tmParams|minThreshold_10.modelParams|tmParams|activationThreshold_12.modelParams|sensorParams|encoders|mem:n_148.modelParams|tmParams|pamLength_2.modelParams|clParams|alpha_0.0117761633567.modelParams|spParams|synPermInactiveDec_0.0789438424866,  300,  10,  12,  148,  2,  0.0117761633567,  0.0789438424866,  0.000100336636826,  0.000505902269335, 
1032,  3314,  completed,  eof,  2018-09-29 23:05:43,  2018-09-29 23:05:48,  5,  modelParams|tmParams|minThreshold_10.modelParams|tmParams|activationThreshold_12.modelParams|sensorParams|encoders|mem:n_137.modelParams|tmParams|pamLength_2.modelParams|clParams|alpha_0.0138625716321.modelParams|spParams|synPermInactiveDec_0.0815736562493,  300,  10,  12,  137,  2,  0.0138625716321,  0.0815736562493,  0.000102217392723,  0.000515385133283, 
1032,  3315,  completed,  eof,  2018-09-29 23:05:44,  2018-09-29 23:05:49,  5,  modelParams|tmParams|minThreshold_10.modelParams|tmParams|activationThreshold_12.modelParams|sensorParams|encoders|mem:n_170.modelParams|tmParams|pamLength_2.modelParams|clParams|alpha_0.012393900809.modelParams|spParams|synPermInactiveDec_0.0783888391549,  300,  10,  12,  170,  2,  0.012393900809,  0.0783888391549,  0.000100569390301,  0.00050707582383, 
1032,  3316,  completed,  eof,  2018-09-29 23:05:44,  2018-09-29 23:05:49,  5,  modelParams|tmParams|minThreshold_10.modelParams|tmParams|activationThreshold_12.modelParams|sensorParams|encoders|mem:n_165.modelParams|tmParams|pamLength_2.modelParams|clParams|alpha_0.0137818485223.modelParams|spParams|synPermInactiveDec_0.0787868125478,  300,  10,  12,  165,  2,  0.0137818485223,  0.0787868125478,  0.000102217385228,  0.000515385095495, 
1032,  3317,  completed,  eof,  2018-09-29 23:05:44,  2018-09-29 23:05:49,  5,  modelParams|tmParams|minThreshold_10.modelParams|tmParams|activationThreshold_12.modelParams|sensorParams|encoders|mem:n_144.modelParams|tmParams|pamLength_2.modelParams|clParams|alpha_0.0098134169205.modelParams|spParams|synPermInactiveDec_0.0833965345357,  300,  10,  12,  144,  2,  0.0098134169205,  0.0833965345357,  0.00010007870573,  0.000504601768029, 
1032,  3318,  completed,  eof,  2018-09-29 23:05:45,  2018-09-29 23:05:50,  5,  modelParams|tmParams|minThreshold_10.modelParams|tmParams|activationThreshold_12.modelParams|sensorParams|encoders|mem:n_125.modelParams|tmParams|pamLength_2.modelParams|clParams|alpha_0.0100097867937.modelParams|spParams|synPermInactiveDec_0.0857586814133,  300,  10,  12,  125,  2,  0.0100097867937,  0.0857586814133,  0.000100117824642,  0.000504799007516, 
1032,  3319,  completed,  eof,  2018-09-29 23:05:48,  2018-09-29 23:05:53,  5,  modelParams|tmParams|minThreshold_10.modelParams|tmParams|activationThreshold_12.modelParams|sensorParams|encoders|mem:n_129.modelParams|tmParams|pamLength_2.modelParams|clParams|alpha_0.00967873631584.modelParams|spParams|synPermInactiveDec_0.0859572216258,  300,  10,  12,  129,  2,  0.00967873631584,  0.0859572216258,  0.00010007870573,  0.000504601768029, 
1032,  3320,  completed,  eof,  2018-09-29 23:05:49,  2018-09-29 23:05:54,  5,  modelParams|tmParams|minThreshold_10.modelParams|tmParams|activationThreshold_12.modelParams|sensorParams|encoders|mem:n_138.modelParams|tmParams|pamLength_2.modelParams|clParams|alpha_0.0108142952145.modelParams|spParams|synPermInactiveDec_0.0826445169925,  300,  10,  12,  138,  2,  0.0108142952145,  0.0826445169925,  0.000100173708752,  0.000505080777951, 
1032,  3321,  completed,  eof,  2018-09-29 23:05:49,  2018-09-29 23:05:53,  4,  modelParams|tmParams|minThreshold_10.modelParams|tmParams|activationThreshold_12.modelParams|sensorParams|encoders|mem:n_133.modelParams|tmParams|pamLength_2.modelParams|clParams|alpha_0.00998790059018.modelParams|spParams|synPermInactiveDec_0.0853213119374,  300,  10,  12,  133,  2,  0.00998790059018,  0.0853213119374,  0.00010007870573,  0.000504601768033, 
1032,  3322,  completed,  eof,  2018-09-29 23:05:49,  2018-09-29 23:05:54,  5,  modelParams|tmParams|minThreshold_10.modelParams|tmParams|activationThreshold_12.modelParams|sensorParams|encoders|mem:n_146.modelParams|tmParams|pamLength_2.modelParams|clParams|alpha_0.00963085914753.modelParams|spParams|synPermInactiveDec_0.0835632339644,  300,  10,  12,  146,  2,  0.00963085914753,  0.0835632339644,  0.000100065287955,  0.000504534114948, 
1032,  3323,  completed,  eof,  2018-09-29 23:05:50,  2018-09-29 23:05:54,  4,  modelParams|tmParams|minThreshold_10.modelParams|tmParams|activationThreshold_12.modelParams|sensorParams|encoders|mem:n_140.modelParams|tmParams|pamLength_2.modelParams|clParams|alpha_0.00940875624389.modelParams|spParams|synPermInactiveDec_0.0850951842766,  300,  10,  12,  140,  2,  0.00940875624389,  0.0850951842766,  0.000100065287955,  0.000504534114948, 
1032,  3324,  completed,  eof,  2018-09-29 23:05:53,  2018-09-29 23:05:58,  5,  modelParams|tmParams|minThreshold_10.modelParams|tmParams|activationThreshold_12.modelParams|sensorParams|encoders|mem:n_143.modelParams|tmParams|pamLength_2.modelParams|clParams|alpha_0.00874212721352.modelParams|spParams|synPermInactiveDec_0.084486940593,  300,  10,  12,  143,  2,  0.00874212721352,  0.084486940593,  0.000100054316924,  0.000504478798468, 
1032,  3325,  completed,  eof,  2018-09-29 23:05:53,  2018-09-29 23:05:58,  5,  modelParams|tmParams|minThreshold_10.modelParams|tmParams|activationThreshold_12.modelParams|sensorParams|encoders|mem:n_137.modelParams|tmParams|pamLength_2.modelParams|clParams|alpha_0.00889774702013.modelParams|spParams|synPermInactiveDec_0.0850260362881,  300,  10,  12,  137,  2,  0.00889774702013,  0.0850260362881,  0.000100055895512,  0.000504486757786, 
1032,  3326,  completed,  eof,  2018-09-29 23:05:54,  2018-09-29 23:05:58,  4,  modelParams|tmParams|minThreshold_10.modelParams|tmParams|activationThreshold_12.modelParams|sensorParams|encoders|mem:n_137.modelParams|tmParams|pamLength_2.modelParams|clParams|alpha_0.00960676182459.modelParams|spParams|synPermInactiveDec_0.0844620649034,  300,  10,  12,  137,  2,  0.00960676182459,  0.0844620649034,  0.00010007870573,  0.000504601768029, 
1032,  3327,  completed,  eof,  2018-09-29 23:05:54,  2018-09-29 23:05:59,  5,  modelParams|tmParams|minThreshold_10.modelParams|tmParams|activationThreshold_12.modelParams|sensorParams|encoders|mem:n_146.modelParams|tmParams|pamLength_2.modelParams|clParams|alpha_0.00958521970429.modelParams|spParams|synPermInactiveDec_0.0836049088216,  300,  10,  12,  146,  2,  0.00958521970429,  0.0836049088216,  0.000100065287955,  0.000504534114948, 
1032,  3328,  completed,  eof,  2018-09-29 23:05:54,  2018-09-29 23:05:59,  5,  modelParams|tmParams|minThreshold_10.modelParams|tmParams|activationThreshold_12.modelParams|sensorParams|encoders|mem:n_143.modelParams|tmParams|pamLength_2.modelParams|clParams|alpha_0.00925849860644.modelParams|spParams|synPermInactiveDec_0.0849293099924,  300,  10,  12,  143,  2,  0.00925849860644,  0.0849293099924,  0.000100055895512,  0.000504486757786, 
1032,  3329,  completed,  eof,  2018-09-29 23:05:58,  2018-09-29 23:06:03,  5,  modelParams|tmParams|minThreshold_10.modelParams|tmParams|activationThreshold_12.modelParams|sensorParams|encoders|mem:n_147.modelParams|tmParams|pamLength_2.modelParams|clParams|alpha_0.00850797493794.modelParams|spParams|synPermInactiveDec_0.0841193703348,  300,  10,  12,  147,  2,  0.00850797493794,  0.0841193703348,  0.000100053211912,  0.000504473226946, 
1032,  3330,  completed,  eof,  2018-09-29 23:05:58,  2018-09-29 23:06:03,  5,  modelParams|tmParams|minThreshold_10.modelParams|tmParams|activationThreshold_12.modelParams|sensorParams|encoders|mem:n_144.modelParams|tmParams|pamLength_2.modelParams|clParams|alpha_0.00849885796732.modelParams|spParams|synPermInactiveDec_0.0844119668756,  300,  10,  12,  144,  2,  0.00849885796732,  0.0844119668756,  0.000100053211912,  0.000504473226946, 
1032,  3341,  completed,  eof,  2018-09-29 23:05:59,  2018-09-29 23:06:03,  4,  modelParams|tmParams|minThreshold_10.modelParams|tmParams|activationThreshold_12.modelParams|sensorParams|encoders|mem:n_143.modelParams|tmParams|pamLength_2.modelParams|clParams|alpha_0.00860286530537.modelParams|spParams|synPermInactiveDec_0.0849413808573,  300,  10,  12,  143,  2,  0.00860286530537,  0.0849413808573,  0.000100053211912,  0.000504473226946, 
1032,  3342,  completed,  eof,  2018-09-29 23:05:59,  2018-09-29 23:06:04,  5,  modelParams|tmParams|minThreshold_10.modelParams|tmParams|activationThreshold_12.modelParams|sensorParams|encoders|mem:n_143.modelParams|tmParams|pamLength_2.modelParams|clParams|alpha_0.00890034064243.modelParams|spParams|synPermInactiveDec_0.0844900025789,  300,  10,  12,  143,  2,  0.00890034064243,  0.0844900025789,  0.000100055895512,  0.000504486757786, 
1032,  3343,  completed,  eof,  2018-09-29 23:05:59,  2018-09-29 23:06:04,  5,  modelParams|tmParams|minThreshold_10.modelParams|tmParams|activationThreshold_12.modelParams|sensorParams|encoders|mem:n_144.modelParams|tmParams|pamLength_2.modelParams|clParams|alpha_0.00880168251006.modelParams|spParams|synPermInactiveDec_0.0844445244157,  300,  10,  12,  144,  2,  0.00880168251006,  0.0844445244157,  0.000100054316924,  0.000504478798468, 
1032,  3344,  completed,  eof,  2018-09-29 23:06:03,  2018-09-29 23:06:07,  4,  modelParams|tmParams|minThreshold_10.modelParams|tmParams|activationThreshold_12.modelParams|sensorParams|encoders|mem:n_147.modelParams|tmParams|pamLength_2.modelParams|clParams|alpha_0.00844943686905.modelParams|spParams|synPermInactiveDec_0.0840274777703,  300,  10,  12,  147,  2,  0.00844943686905,  0.0840274777703,  0.000100053211912,  0.000504473226946, 
1032,  3345,  completed,  eof,  2018-09-29 23:06:03,  2018-09-29 23:06:07,  4,  modelParams|tmParams|minThreshold_10.modelParams|tmParams|activationThreshold_12.modelParams|sensorParams|encoders|mem:n_149.modelParams|tmParams|pamLength_2.modelParams|clParams|alpha_0.00840653794477.modelParams|spParams|synPermInactiveDec_0.0839652262062,  300,  10,  12,  149,  2,  0.00840653794477,  0.0839652262062,  0.000100053211912,  0.000504473226946, 
1032,  3346,  completed,  eof,  2018-09-29 23:06:03,  2018-09-29 23:06:08,  5,  modelParams|tmParams|minThreshold_10.modelParams|tmParams|activationThreshold_12.modelParams|sensorParams|encoders|mem:n_148.modelParams|tmParams|pamLength_2.modelParams|clParams|alpha_0.00827484789398.modelParams|spParams|synPermInactiveDec_0.084237438482,  300,  10,  12,  148,  2,  0.00827484789398,  0.084237438482,  0.000100053211912,  0.000504473226946, 
1032,  3347,  completed,  eof,  2018-09-29 23:06:04,  2018-09-29 23:06:09,  5,  modelParams|tmParams|minThreshold_10.modelParams|tmParams|activationThreshold_12.modelParams|sensorParams|encoders|mem:n_146.modelParams|tmParams|pamLength_2.modelParams|clParams|alpha_0.00841055175057.modelParams|spParams|synPermInactiveDec_0.0843398498372,  300,  10,  12,  146,  2,  0.00841055175057,  0.0843398498372,  0.000100053211912,  0.000504473226946, 
1032,  3348,  completed,  eof,  2018-09-29 23:06:04,  2018-09-29 23:06:09,  5,  modelParams|tmParams|minThreshold_10.modelParams|tmParams|activationThreshold_12.modelParams|sensorParams|encoders|mem:n_148.modelParams|tmParams|pamLength_2.modelParams|clParams|alpha_0.00844901176068.modelParams|spParams|synPermInactiveDec_0.0839974774231,  300,  10,  12,  148,  2,  0.00844901176068,  0.0839974774231,  0.000100053211912,  0.000504473226946, 
1032,  3349,  completed,  killed,  2018-09-29 23:06:08,  2018-09-29 23:06:09,  1,  modelParams|tmParams|minThreshold_10.modelParams|tmParams|activationThreshold_12.modelParams|sensorParams|encoders|mem:n_148.modelParams|tmParams|pamLength_2.modelParams|clParams|alpha_0.00849650797825.modelParams|spParams|synPermInactiveDec_0.0841169816715,  50,  10,  12,  148,  2,  0.00849650797825,  0.0841169816715,  0.0,  0.0, 
1032,  3350,  completed,  killed,  2018-09-29 23:06:08,  2018-09-29 23:06:09,  1,  modelParams|tmParams|minThreshold_10.modelParams|tmParams|activationThreshold_12.modelParams|sensorParams|encoders|mem:n_149.modelParams|tmParams|pamLength_2.modelParams|clParams|alpha_0.00846581654981.modelParams|spParams|synPermInactiveDec_0.0840080153619,  50,  10,  12,  149,  2,  0.00846581654981,  0.0840080153619,  0.0,  0.0, 
1032,  3351,  completed,  killed,  2018-09-29 23:06:08,  2018-09-29 23:06:09,  1,  modelParams|tmParams|minThreshold_10.modelParams|tmParams|activationThreshold_12.modelParams|sensorParams|encoders|mem:n_149.modelParams|tmParams|pamLength_2.modelParams|clParams|alpha_0.00838212379138.modelParams|spParams|synPermInactiveDec_0.0839431318254,  50,  10,  12,  149,  2,  0.00838212379138,  0.0839431318254,  0.0,  0.0, 
1032,  3352,  completed,  killed,  2018-09-29 23:06:09,  2018-09-29 23:06:09,  0,  modelParams|tmParams|minThreshold_10.modelParams|tmParams|activationThreshold_12.modelParams|sensorParams|encoders|mem:n_148.modelParams|tmParams|pamLength_2.modelParams|clParams|alpha_0.00836720425354.modelParams|spParams|synPermInactiveDec_0.0840813598569,  50,  10,  12,  148,  2,  0.00836720425354,  0.0840813598569,  0.0,  0.0, 
