jobID,  modelID,  status,  completionReason,  startTime,  endTime,  runtime(s),  expDesc,  numRecords,  modelParams|tmParams|minThreshold,  modelParams|tmParams|activationThreshold,  modelParams|tmParams|pamLength,  modelParams|clParams|alpha,  modelParams|sensorParams|encoders|disk:n,  modelParams|spParams|synPermInactiveDec,  multiStepBestPredictions:multiStep:errorMetric='aae':steps=[1]:window=1000:field=disk,  multiStepBestPredictions:multiStep:errorMetric='altMAPE':steps=[1]:window=1000:field=disk, 
1043,  5069,  completed,  eof,  2018-09-29 23:26:57,  2018-09-29 23:27:03,  6,  modelParams|tmParams|minThreshold_11.modelParams|tmParams|activationThreshold_14.modelParams|tmParams|pamLength_3.modelParams|clParams|alpha_0.05005.modelParams|sensorParams|encoders|disk:n_272.modelParams|spParams|synPermInactiveDec_0.05015,  300,  11,  14,  3,  0.05005,  272,  0.05015,  7.72486084375e-08,  1.18754143466e-07, 
1043,  5080,  completed,  eof,  2018-09-29 23:26:57,  2018-09-29 23:27:03,  6,  modelParams|tmParams|minThreshold_9.modelParams|tmParams|activationThreshold_12.modelParams|tmParams|pamLength_1.modelParams|clParams|alpha_0.0001.modelParams|sensorParams|encoders|disk:n_22.modelParams|spParams|synPermInactiveDec_0.1,  300,  9,  12,  1,  0.0001,  22,  0.1,  7.73139144916e-08,  1.18854538343e-07, 
1043,  5128,  completed,  eof,  2018-09-29 23:26:57,  2018-09-29 23:27:04,  7,  modelParams|tmParams|minThreshold_12.modelParams|tmParams|activationThreshold_16.modelParams|tmParams|pamLength_5.modelParams|clParams|alpha_0.1.modelParams|sensorParams|encoders|disk:n_521.modelParams|spParams|synPermInactiveDec_0.0003,  300,  12,  16,  5,  0.1,  521,  0.0003,  7.73028712792e-08,  1.18837561633e-07, 
1043,  5150,  completed,  eof,  2018-09-29 23:26:57,  2018-09-29 23:27:03,  6,  modelParams|tmParams|minThreshold_10.modelParams|tmParams|activationThreshold_13.modelParams|tmParams|pamLength_2.modelParams|clParams|alpha_0.025075.modelParams|sensorParams|encoders|disk:n_147.modelParams|spParams|synPermInactiveDec_0.075075,  300,  10,  13,  2,  0.025075,  147,  0.075075,  4.77098557227e-08,  7.33442733256e-08, 
1043,  5179,  completed,  eof,  2018-09-29 23:26:58,  2018-09-29 23:27:03,  5,  modelParams|tmParams|minThreshold_11.modelParams|tmParams|activationThreshold_15.modelParams|tmParams|pamLength_4.modelParams|clParams|alpha_0.075025.modelParams|sensorParams|encoders|disk:n_396.modelParams|spParams|synPermInactiveDec_0.025225,  300,  11,  15,  4,  0.075025,  396,  0.025225,  3.21188773029e-08,  4.93762909178e-08, 
1043,  5204,  completed,  eof,  2018-09-29 23:27:03,  2018-09-29 23:27:07,  4,  modelParams|tmParams|minThreshold_9.modelParams|tmParams|activationThreshold_12.modelParams|tmParams|pamLength_1.modelParams|clParams|alpha_0.0001.modelParams|sensorParams|encoders|disk:n_47.modelParams|spParams|synPermInactiveDec_0.1,  300,  9,  12,  1,  0.0001,  47,  0.1,  1.78416732952e-08,  2.74279714941e-08, 
1043,  5205,  completed,  eof,  2018-09-29 23:27:03,  2018-09-29 23:27:08,  5,  modelParams|tmParams|minThreshold_11.modelParams|tmParams|activationThreshold_14.modelParams|tmParams|pamLength_3.modelParams|clParams|alpha_0.055045.modelParams|sensorParams|encoders|disk:n_296.modelParams|spParams|synPermInactiveDec_0.055135,  300,  11,  14,  3,  0.055045,  296,  0.055135,  7.72502832746e-08,  1.1875671819e-07, 
1043,  5206,  completed,  eof,  2018-09-29 23:27:03,  2018-09-29 23:27:08,  5,  modelParams|tmParams|minThreshold_10.modelParams|tmParams|activationThreshold_13.modelParams|tmParams|pamLength_2.modelParams|clParams|alpha_0.02008.modelParams|sensorParams|encoders|disk:n_122.modelParams|spParams|synPermInactiveDec_0.07009,  300,  10,  13,  2,  0.02008,  122,  0.07009,  4.62379269024e-08,  7.10814798612e-08, 
1043,  5207,  completed,  eof,  2018-09-29 23:27:04,  2018-09-29 23:27:09,  5,  modelParams|tmParams|minThreshold_10.modelParams|tmParams|activationThreshold_15.modelParams|tmParams|pamLength_4.modelParams|clParams|alpha_0.08002.modelParams|sensorParams|encoders|disk:n_371.modelParams|spParams|synPermInactiveDec_0.03021,  300,  10,  15,  4,  0.08002,  371,  0.03021,  3.21196979679e-08,  4.93775525246e-08, 
1043,  5208,  completed,  eof,  2018-09-29 23:27:04,  2018-09-29 23:27:10,  6,  modelParams|tmParams|minThreshold_11.modelParams|tmParams|activationThreshold_15.modelParams|tmParams|pamLength_4.modelParams|clParams|alpha_0.084146481062.modelParams|sensorParams|encoders|disk:n_444.modelParams|spParams|synPermInactiveDec_0.0302633922224,  300,  11,  15,  4,  0.084146481062,  444,  0.0302633922224,  3.21196979679e-08,  4.93775525246e-08, 
1043,  5209,  completed,  eof,  2018-09-29 23:27:07,  2018-09-29 23:27:12,  5,  modelParams|tmParams|minThreshold_9.modelParams|tmParams|activationThreshold_12.modelParams|tmParams|pamLength_1.modelParams|clParams|alpha_0.0001.modelParams|sensorParams|encoders|disk:n_53.modelParams|spParams|synPermInactiveDec_0.1,  300,  9,  12,  1,  0.0001,  53,  0.1,  1.78416732952e-08,  2.74279714941e-08, 
1043,  5210,  completed,  eof,  2018-09-29 23:27:08,  2018-09-29 23:27:12,  4,  modelParams|tmParams|minThreshold_9.modelParams|tmParams|activationThreshold_12.modelParams|tmParams|pamLength_1.modelParams|clParams|alpha_0.00215243484963.modelParams|sensorParams|encoders|disk:n_55.modelParams|spParams|synPermInactiveDec_0.0988178206669,  300,  9,  12,  1,  0.00215243484963,  55,  0.0988178206669,  1.78416732952e-08,  2.74279714941e-08, 
1043,  5211,  completed,  eof,  2018-09-29 23:27:08,  2018-09-29 23:27:13,  5,  modelParams|tmParams|minThreshold_9.modelParams|tmParams|activationThreshold_12.modelParams|tmParams|pamLength_1.modelParams|clParams|alpha_0.0089823646424.modelParams|sensorParams|encoders|disk:n_95.modelParams|spParams|synPermInactiveDec_0.1,  300,  9,  12,  1,  0.0089823646424,  95,  0.1,  3.69742504618e-08,  5.68404471319e-08, 
1043,  5212,  completed,  eof,  2018-09-29 23:27:09,  2018-09-29 23:27:14,  5,  modelParams|tmParams|minThreshold_10.modelParams|tmParams|activationThreshold_12.modelParams|tmParams|pamLength_1.modelParams|clParams|alpha_0.0131088457044.modelParams|sensorParams|encoders|disk:n_108.modelParams|spParams|synPermInactiveDec_0.1,  300,  10,  12,  1,  0.0131088457044,  108,  0.1,  4.13604820523e-08,  6.35833928769e-08, 
1043,  5213,  completed,  eof,  2018-09-29 23:27:10,  2018-09-29 23:27:15,  5,  modelParams|tmParams|minThreshold_9.modelParams|tmParams|activationThreshold_12.modelParams|tmParams|pamLength_1.modelParams|clParams|alpha_0.0100231552979.modelParams|sensorParams|encoders|disk:n_103.modelParams|spParams|synPermInactiveDec_0.1,  300,  9,  12,  1,  0.0100231552979,  103,  0.1,  3.73270385422e-08,  5.73827875981e-08, 
1043,  5215,  completed,  killed,  2018-09-29 23:27:12,  2018-09-29 23:27:15,  3,  modelParams|tmParams|minThreshold_9.modelParams|tmParams|activationThreshold_12.modelParams|tmParams|pamLength_1.modelParams|clParams|alpha_0.0001.modelParams|sensorParams|encoders|disk:n_31.modelParams|spParams|synPermInactiveDec_0.1,  150,  9,  12,  1,  0.0001,  31,  0.1,  3.58030893642e-08,  5.50400222699e-08, 
1043,  5216,  completed,  killed,  2018-09-29 23:27:12,  2018-09-29 23:27:15,  3,  modelParams|tmParams|minThreshold_9.modelParams|tmParams|activationThreshold_12.modelParams|tmParams|pamLength_1.modelParams|clParams|alpha_0.0001.modelParams|sensorParams|encoders|disk:n_48.modelParams|spParams|synPermInactiveDec_0.1,  150,  9,  12,  1,  0.0001,  48,  0.1,  3.58030893642e-08,  5.50400222699e-08, 
1043,  5217,  completed,  killed,  2018-09-29 23:27:13,  2018-09-29 23:27:15,  2,  modelParams|tmParams|minThreshold_9.modelParams|tmParams|activationThreshold_12.modelParams|tmParams|pamLength_1.modelParams|clParams|alpha_0.0001.modelParams|sensorParams|encoders|disk:n_22.modelParams|spParams|synPermInactiveDec_0.1,  100,  9,  12,  1,  0.0001,  22,  0.1,  2.33495383226e-07,  3.58952008634e-07, 
1043,  5218,  completed,  killed,  2018-09-29 23:27:14,  2018-09-29 23:27:15,  1,  modelParams|tmParams|minThreshold_9.modelParams|tmParams|activationThreshold_12.modelParams|tmParams|pamLength_1.modelParams|clParams|alpha_0.00342885465969.modelParams|sensorParams|encoders|disk:n_62.modelParams|spParams|synPermInactiveDec_0.1,  50,  9,  12,  1,  0.00342885465969,  62,  0.1,  0.0,  0.0, 


jobID,  modelID,  status,  completionReason,  startTime,  endTime,  runtime(s),  expDesc,  numRecords,  modelParams|tmParams|minThreshold,  modelParams|tmParams|activationThreshold,  modelParams|tmParams|pamLength,  modelParams|clParams|alpha,  modelParams|sensorParams|encoders|disk:n,  modelParams|spParams|synPermInactiveDec,  multiStepBestPredictions:multiStep:errorMetric='aae':steps=[1]:window=1000:field=disk,  multiStepBestPredictions:multiStep:errorMetric='altMAPE':steps=[1]:window=1000:field=disk, 
1044,  5219,  completed,  eof,  2018-09-29 23:27:52,  2018-09-29 23:27:58,  6,  modelParams|tmParams|minThreshold_11.modelParams|tmParams|activationThreshold_14.modelParams|tmParams|pamLength_3.modelParams|clParams|alpha_0.05005.modelParams|sensorParams|encoders|disk:n_272.modelParams|spParams|synPermInactiveDec_0.05015,  300,  11,  14,  3,  0.05005,  272,  0.05015,  1.21196252588e-14,  1.8631513088e-14, 
1044,  5247,  completed,  eof,  2018-09-29 23:27:52,  2018-09-29 23:27:58,  6,  modelParams|tmParams|minThreshold_9.modelParams|tmParams|activationThreshold_12.modelParams|tmParams|pamLength_1.modelParams|clParams|alpha_0.0001.modelParams|sensorParams|encoders|disk:n_22.modelParams|spParams|synPermInactiveDec_0.1,  300,  9,  12,  1,  0.0001,  22,  0.1,  1.41157988308e-14,  2.17002328908e-14, 
1044,  5273,  completed,  eof,  2018-09-29 23:27:53,  2018-09-29 23:27:59,  6,  modelParams|tmParams|minThreshold_12.modelParams|tmParams|activationThreshold_16.modelParams|tmParams|pamLength_5.modelParams|clParams|alpha_0.1.modelParams|sensorParams|encoders|disk:n_521.modelParams|spParams|synPermInactiveDec_0.0003,  300,  12,  16,  5,  0.1,  521,  0.0003,  1.30701841026e-14,  2.00928082322e-14, 
1044,  5300,  completed,  eof,  2018-09-29 23:27:53,  2018-09-29 23:27:58,  5,  modelParams|tmParams|minThreshold_10.modelParams|tmParams|activationThreshold_13.modelParams|tmParams|pamLength_2.modelParams|clParams|alpha_0.025075.modelParams|sensorParams|encoders|disk:n_147.modelParams|spParams|synPermInactiveDec_0.075075,  300,  10,  13,  2,  0.025075,  147,  0.075075,  1.04086193399e-14,  1.60011818285e-14, 
1044,  5322,  completed,  eof,  2018-09-29 23:27:53,  2018-09-29 23:27:59,  6,  modelParams|tmParams|minThreshold_11.modelParams|tmParams|activationThreshold_15.modelParams|tmParams|pamLength_4.modelParams|clParams|alpha_0.075025.modelParams|sensorParams|encoders|disk:n_396.modelParams|spParams|synPermInactiveDec_0.025225,  300,  11,  15,  4,  0.075025,  396,  0.025225,  1.27374885073e-14,  1.95813549317e-14, 
1044,  5334,  completed,  eof,  2018-09-29 23:27:58,  2018-09-29 23:28:03,  5,  modelParams|tmParams|minThreshold_11.modelParams|tmParams|activationThreshold_14.modelParams|tmParams|pamLength_3.modelParams|clParams|alpha_0.055045.modelParams|sensorParams|encoders|disk:n_296.modelParams|spParams|synPermInactiveDec_0.055135,  300,  11,  14,  3,  0.055045,  296,  0.055135,  1.23097370275e-14,  1.89237721169e-14, 
1044,  5335,  completed,  eof,  2018-09-29 23:27:58,  2018-09-29 23:28:03,  5,  modelParams|tmParams|minThreshold_10.modelParams|tmParams|activationThreshold_14.modelParams|tmParams|pamLength_3.modelParams|clParams|alpha_0.0368020378759.modelParams|sensorParams|encoders|disk:n_250.modelParams|spParams|synPermInactiveDec_0.0550282155552,  300,  10,  14,  3,  0.0368020378759,  250,  0.0550282155552,  1.14542340681e-14,  1.76086064871e-14, 
1044,  5346,  completed,  eof,  2018-09-29 23:27:59,  2018-09-29 23:28:04,  5,  modelParams|tmParams|minThreshold_10.modelParams|tmParams|activationThreshold_13.modelParams|tmParams|pamLength_2.modelParams|clParams|alpha_0.02008.modelParams|sensorParams|encoders|disk:n_122.modelParams|spParams|synPermInactiveDec_0.07009,  300,  10,  13,  2,  0.02008,  122,  0.07009,  9.69570020703e-15,  1.49052104704e-14, 
1044,  5347,  completed,  eof,  2018-09-29 23:27:59,  2018-09-29 23:28:04,  5,  modelParams|tmParams|minThreshold_10.modelParams|tmParams|activationThreshold_13.modelParams|tmParams|pamLength_2.modelParams|clParams|alpha_0.0383229621241.modelParams|sensorParams|encoders|disk:n_169.modelParams|spParams|synPermInactiveDec_0.0801667844448,  300,  10,  13,  2,  0.0383229621241,  169,  0.0801667844448,  1.17394017213e-14,  1.80469950304e-14, 
1044,  5348,  completed,  eof,  2018-09-29 23:27:59,  2018-09-29 23:28:04,  5,  modelParams|tmParams|minThreshold_10.modelParams|tmParams|activationThreshold_13.modelParams|tmParams|pamLength_2.modelParams|clParams|alpha_0.0424494431861.modelParams|sensorParams|encoders|disk:n_242.modelParams|spParams|synPermInactiveDec_0.0802201766672,  300,  10,  13,  2,  0.0424494431861,  242,  0.0802201766672,  1.16918737791e-14,  1.79739302732e-14, 
1044,  5349,  completed,  eof,  2018-09-29 23:28:03,  2018-09-29 23:28:08,  5,  modelParams|tmParams|minThreshold_11.modelParams|tmParams|activationThreshold_13.modelParams|tmParams|pamLength_2.modelParams|clParams|alpha_0.0361881030509.modelParams|sensorParams|encoders|disk:n_223.modelParams|spParams|synPermInactiveDec_0.0638749964113,  300,  11,  13,  2,  0.0361881030509,  223,  0.0638749964113,  1.14067061259e-14,  1.75355417299e-14, 
1044,  5350,  completed,  eof,  2018-09-29 23:28:03,  2018-09-29 23:28:08,  5,  modelParams|tmParams|minThreshold_10.modelParams|tmParams|activationThreshold_13.modelParams|tmParams|pamLength_2.modelParams|clParams|alpha_0.0298308835804.modelParams|sensorParams|encoders|disk:n_176.modelParams|spParams|synPermInactiveDec_0.0752579727475,  300,  10,  13,  2,  0.0298308835804,  176,  0.0752579727475,  1.08838987618e-14,  1.67318294006e-14, 
1044,  5351,  completed,  eof,  2018-09-29 23:28:04,  2018-09-29 23:28:08,  4,  modelParams|tmParams|minThreshold_10.modelParams|tmParams|activationThreshold_13.modelParams|tmParams|pamLength_2.modelParams|clParams|alpha_0.01883125.modelParams|sensorParams|encoders|disk:n_116.modelParams|spParams|synPermInactiveDec_0.06884375,  300,  10,  13,  2,  0.01883125,  116,  0.06884375,  9.50558843826e-15,  1.46129514416e-14, 
1044,  5352,  completed,  eof,  2018-09-29 23:28:04,  2018-09-29 23:28:09,  5,  modelParams|tmParams|minThreshold_9.modelParams|tmParams|activationThreshold_13.modelParams|tmParams|pamLength_1.modelParams|clParams|alpha_0.0139186742235.modelParams|sensorParams|encoders|disk:n_74.modelParams|spParams|synPermInactiveDec_0.0838038604777,  300,  9,  13,  1,  0.0139186742235,  74,  0.0838038604777,  9.03030901635e-15,  1.38823038695e-14, 
1044,  5353,  completed,  eof,  2018-09-29 23:28:04,  2018-09-29 23:28:09,  5,  modelParams|tmParams|minThreshold_10.modelParams|tmParams|activationThreshold_12.modelParams|tmParams|pamLength_1.modelParams|clParams|alpha_0.00938834012288.modelParams|sensorParams|encoders|disk:n_75.modelParams|spParams|synPermInactiveDec_0.090048344161,  300,  10,  12,  1,  0.00938834012288,  75,  0.090048344161,  7.22424721308e-15,  1.11058430956e-14, 
1044,  5354,  completed,  eof,  2018-09-29 23:28:08,  2018-09-29 23:28:13,  5,  modelParams|tmParams|minThreshold_10.modelParams|tmParams|activationThreshold_13.modelParams|tmParams|pamLength_2.modelParams|clParams|alpha_0.0225879690339.modelParams|sensorParams|encoders|disk:n_135.modelParams|spParams|synPermInactiveDec_0.0723150084679,  300,  10,  13,  2,  0.0225879690339,  135,  0.0723150084679,  1.01709796289e-14,  1.56358580425e-14, 
1044,  5358,  completed,  eof,  2018-09-29 23:28:08,  2018-09-29 23:28:13,  5,  modelParams|tmParams|minThreshold_10.modelParams|tmParams|activationThreshold_13.modelParams|tmParams|pamLength_2.modelParams|clParams|alpha_0.01434512949.modelParams|sensorParams|encoders|disk:n_97.modelParams|spParams|synPermInactiveDec_0.0738607531826,  300,  10,  13,  2,  0.01434512949,  97,  0.0738607531826,  8.31738988348e-15,  1.27863325114e-14, 
1044,  5366,  completed,  eof,  2018-09-29 23:28:08,  2018-09-29 23:28:13,  5,  modelParams|tmParams|minThreshold_10.modelParams|tmParams|activationThreshold_13.modelParams|tmParams|pamLength_2.modelParams|clParams|alpha_0.0185190625.modelParams|sensorParams|encoders|disk:n_114.modelParams|spParams|synPermInactiveDec_0.0685321875,  300,  10,  13,  2,  0.0185190625,  114,  0.0685321875,  9.45806049607e-15,  1.45398866844e-14, 
1044,  5367,  completed,  eof,  2018-09-29 23:28:09,  2018-09-29 23:28:14,  5,  modelParams|tmParams|minThreshold_10.modelParams|tmParams|activationThreshold_12.modelParams|tmParams|pamLength_1.modelParams|clParams|alpha_0.00403579018462.modelParams|sensorParams|encoders|disk:n_51.modelParams|spParams|synPermInactiveDec_0.0909709895728,  300,  10,  12,  1,  0.00403579018462,  51,  0.0909709895728,  3.61212360654e-15,  5.5529215478e-15, 
1044,  5368,  completed,  eof,  2018-09-29 23:28:09,  2018-09-29 23:28:14,  5,  modelParams|tmParams|minThreshold_10.modelParams|tmParams|activationThreshold_12.modelParams|tmParams|pamLength_1.modelParams|clParams|alpha_0.00112306435707.modelParams|sensorParams|encoders|disk:n_33.modelParams|spParams|synPermInactiveDec_0.0925053860344,  300,  10,  12,  1,  0.00112306435707,  33,  0.0925053860344,  9.50558843826e-17,  1.46129514416e-16, 
1044,  5369,  completed,  eof,  2018-09-29 23:28:13,  2018-09-29 23:28:17,  4,  modelParams|tmParams|minThreshold_10.modelParams|tmParams|activationThreshold_12.modelParams|tmParams|pamLength_1.modelParams|clParams|alpha_0.00633588448126.modelParams|sensorParams|encoders|disk:n_59.modelParams|spParams|synPermInactiveDec_0.0897337149551,  300,  10,  12,  1,  0.00633588448126,  59,  0.0897337149551,  5.70335306296e-15,  8.76777086495e-15, 
1044,  5370,  completed,  eof,  2018-09-29 23:28:13,  2018-09-29 23:28:17,  4,  modelParams|tmParams|minThreshold_10.modelParams|tmParams|activationThreshold_12.modelParams|tmParams|pamLength_1.modelParams|clParams|alpha_0.00816920826935.modelParams|sensorParams|encoders|disk:n_64.modelParams|spParams|synPermInactiveDec_0.0921963340238,  300,  10,  12,  1,  0.00816920826935,  64,  0.0921963340238,  6.84402367555e-15,  1.05213250379e-14, 
1044,  5371,  completed,  eof,  2018-09-29 23:28:13,  2018-09-29 23:28:18,  5,  modelParams|tmParams|minThreshold_10.modelParams|tmParams|activationThreshold_12.modelParams|tmParams|pamLength_1.modelParams|clParams|alpha_0.0108189119855.modelParams|sensorParams|encoders|disk:n_82.modelParams|spParams|synPermInactiveDec_0.0900165436231,  300,  10,  12,  1,  0.0108189119855,  82,  0.0900165436231,  7.74705457718e-15,  1.19095554249e-14, 
1044,  5372,  completed,  eof,  2018-09-29 23:28:14,  2018-09-29 23:28:18,  4,  modelParams|tmParams|minThreshold_10.modelParams|tmParams|activationThreshold_12.modelParams|tmParams|pamLength_1.modelParams|clParams|alpha_0.0001.modelParams|sensorParams|encoders|disk:n_23.modelParams|spParams|synPermInactiveDec_0.0931196465028,  300,  10,  12,  1,  0.0001,  23,  0.0931196465028,  1.41157988308e-14,  2.17002328908e-14, 
1044,  5373,  completed,  eof,  2018-09-29 23:28:14,  2018-09-29 23:28:19,  5,  modelParams|tmParams|minThreshold_10.modelParams|tmParams|activationThreshold_12.modelParams|tmParams|pamLength_1.modelParams|clParams|alpha_0.0001.modelParams|sensorParams|encoders|disk:n_31.modelParams|spParams|synPermInactiveDec_0.0943004551622,  300,  10,  12,  1,  0.0001,  31,  0.0943004551622,  0.0,  0.0, 
1044,  5374,  completed,  eof,  2018-09-29 23:28:17,  2018-09-29 23:28:22,  5,  modelParams|tmParams|minThreshold_10.modelParams|tmParams|activationThreshold_12.modelParams|tmParams|pamLength_1.modelParams|clParams|alpha_0.0001.modelParams|sensorParams|encoders|disk:n_29.modelParams|spParams|synPermInactiveDec_0.0964795637164,  300,  10,  12,  1,  0.0001,  29,  0.0964795637164,  0.0,  0.0, 
1044,  5375,  completed,  eof,  2018-09-29 23:28:17,  2018-09-29 23:28:22,  5,  modelParams|tmParams|minThreshold_10.modelParams|tmParams|activationThreshold_12.modelParams|tmParams|pamLength_1.modelParams|clParams|alpha_0.0001.modelParams|sensorParams|encoders|disk:n_22.modelParams|spParams|synPermInactiveDec_0.0974763794484,  300,  10,  12,  1,  0.0001,  22,  0.0974763794484,  1.41157988308e-14,  2.17002328908e-14, 
1044,  5376,  completed,  eof,  2018-09-29 23:28:18,  2018-09-29 23:28:23,  5,  modelParams|tmParams|minThreshold_10.modelParams|tmParams|activationThreshold_12.modelParams|tmParams|pamLength_1.modelParams|clParams|alpha_0.000800017984459.modelParams|sensorParams|encoders|disk:n_34.modelParams|spParams|synPermInactiveDec_0.0978818064524,  300,  10,  12,  1,  0.000800017984459,  34,  0.0978818064524,  4.75279421913e-17,  7.30647572079e-17, 
1044,  5377,  completed,  eof,  2018-09-29 23:28:18,  2018-09-29 23:28:23,  5,  modelParams|tmParams|minThreshold_10.modelParams|tmParams|activationThreshold_12.modelParams|tmParams|pamLength_1.modelParams|clParams|alpha_0.000733337941654.modelParams|sensorParams|encoders|disk:n_31.modelParams|spParams|synPermInactiveDec_0.0925213531746,  300,  10,  12,  1,  0.000733337941654,  31,  0.0925213531746,  4.75279421913e-17,  7.30647572079e-17, 
1044,  5378,  completed,  eof,  2018-09-29 23:28:19,  2018-09-29 23:28:23,  4,  modelParams|tmParams|minThreshold_10.modelParams|tmParams|activationThreshold_12.modelParams|tmParams|pamLength_1.modelParams|clParams|alpha_0.0001.modelParams|sensorParams|encoders|disk:n_26.modelParams|spParams|synPermInactiveDec_0.0951328215596,  300,  10,  12,  1,  0.0001,  26,  0.0951328215596,  0.0,  0.0, 
1044,  5379,  completed,  killed,  2018-09-29 23:28:22,  2018-09-29 23:28:24,  2,  modelParams|tmParams|minThreshold_10.modelParams|tmParams|activationThreshold_12.modelParams|tmParams|pamLength_1.modelParams|clParams|alpha_0.0001.modelParams|sensorParams|encoders|disk:n_23.modelParams|spParams|synPermInactiveDec_0.0959822494509,  100,  10,  12,  1,  0.0001,  23,  0.0959822494509,  1.39237667412e-14,  2.14050217505e-14, 
1044,  5380,  completed,  killed,  2018-09-29 23:28:22,  2018-09-29 23:28:23,  1,  modelParams|tmParams|minThreshold_10.modelParams|tmParams|activationThreshold_12.modelParams|tmParams|pamLength_1.modelParams|clParams|alpha_0.0001.modelParams|sensorParams|encoders|disk:n_29.modelParams|spParams|synPermInactiveDec_0.0944422123938,  50,  10,  12,  1,  0.0001,  29,  0.0944422123938,  0.0,  0.0, 
1044,  5381,  completed,  killed,  2018-09-29 23:28:23,  2018-09-29 23:28:24,  1,  modelParams|tmParams|minThreshold_10.modelParams|tmParams|activationThreshold_12.modelParams|tmParams|pamLength_1.modelParams|clParams|alpha_0.0001.modelParams|sensorParams|encoders|disk:n_22.modelParams|spParams|synPermInactiveDec_0.0962590992024,  50,  10,  12,  1,  0.0001,  22,  0.0962590992024,  1.36308198289e-14,  2.09546741437e-14, 
1044,  5382,  completed,  killed,  2018-09-29 23:28:23,  2018-09-29 23:28:24,  1,  modelParams|tmParams|minThreshold_10.modelParams|tmParams|activationThreshold_12.modelParams|tmParams|pamLength_1.modelParams|clParams|alpha_0.000362977409221.modelParams|sensorParams|encoders|disk:n_33.modelParams|spParams|synPermInactiveDec_0.0941546928717,  50,  10,  12,  1,  0.000362977409221,  33,  0.0941546928717,  0.0,  0.0, 


jobID,  modelID,  status,  completionReason,  startTime,  endTime,  runtime(s),  expDesc,  numRecords,  modelParams|tmParams|minThreshold,  modelParams|tmParams|activationThreshold,  modelParams|tmParams|pamLength,  modelParams|clParams|alpha,  modelParams|sensorParams|encoders|disk:n,  modelParams|spParams|synPermInactiveDec,  multiStepBestPredictions:multiStep:errorMetric='aae':steps=[1]:window=1000:field=disk,  multiStepBestPredictions:multiStep:errorMetric='altMAPE':steps=[1]:window=1000:field=disk, 
1045,  5383,  completed,  eof,  2018-09-29 23:30:14,  2018-09-29 23:30:21,  7,  modelParams|tmParams|minThreshold_11.modelParams|tmParams|activationThreshold_14.modelParams|tmParams|pamLength_3.modelParams|clParams|alpha_0.05005.modelParams|sensorParams|encoders|disk:n_272.modelParams|spParams|synPermInactiveDec_0.05015,  300,  11,  14,  3,  0.05005,  272,  0.05015,  5.5630578356e-07,  8.55215693802e-07, 
1045,  5413,  completed,  eof,  2018-09-29 23:30:15,  2018-09-29 23:30:20,  5,  modelParams|tmParams|minThreshold_9.modelParams|tmParams|activationThreshold_12.modelParams|tmParams|pamLength_1.modelParams|clParams|alpha_0.0001.modelParams|sensorParams|encoders|disk:n_22.modelParams|spParams|synPermInactiveDec_0.1,  300,  9,  12,  1,  0.0001,  22,  0.1,  6.9582525628e-07,  1.06970068782e-06, 
1045,  5445,  completed,  eof,  2018-09-29 23:30:15,  2018-09-29 23:30:22,  7,  modelParams|tmParams|minThreshold_12.modelParams|tmParams|activationThreshold_16.modelParams|tmParams|pamLength_5.modelParams|clParams|alpha_0.1.modelParams|sensorParams|encoders|disk:n_521.modelParams|spParams|synPermInactiveDec_0.0003,  300,  12,  16,  5,  0.1,  521,  0.0003,  3.9746982164e-07,  6.11035224376e-07, 
1045,  5496,  completed,  eof,  2018-09-29 23:30:15,  2018-09-29 23:30:21,  6,  modelParams|tmParams|minThreshold_10.modelParams|tmParams|activationThreshold_13.modelParams|tmParams|pamLength_2.modelParams|clParams|alpha_0.025075.modelParams|sensorParams|encoders|disk:n_147.modelParams|spParams|synPermInactiveDec_0.075075,  300,  10,  13,  2,  0.025075,  147,  0.075075,  5.51966904724e-07,  8.48545482231e-07, 
1045,  5537,  completed,  eof,  2018-09-29 23:30:16,  2018-09-29 23:30:21,  5,  modelParams|tmParams|minThreshold_11.modelParams|tmParams|activationThreshold_15.modelParams|tmParams|pamLength_4.modelParams|clParams|alpha_0.075025.modelParams|sensorParams|encoders|disk:n_396.modelParams|spParams|synPermInactiveDec_0.025225,  300,  11,  15,  4,  0.075025,  396,  0.025225,  5.82185186006e-07,  8.95000416111e-07, 
1045,  5568,  completed,  eof,  2018-09-29 23:30:20,  2018-09-29 23:30:25,  5,  modelParams|tmParams|minThreshold_9.modelParams|tmParams|activationThreshold_12.modelParams|tmParams|pamLength_1.modelParams|clParams|alpha_0.0001.modelParams|sensorParams|encoders|disk:n_47.modelParams|spParams|synPermInactiveDec_0.1,  300,  9,  12,  1,  0.0001,  47,  0.1,  1.60575059562e-07,  2.46854005529e-07, 
1045,  5569,  completed,  eof,  2018-09-29 23:30:21,  2018-09-29 23:30:26,  5,  modelParams|tmParams|minThreshold_11.modelParams|tmParams|activationThreshold_14.modelParams|tmParams|pamLength_3.modelParams|clParams|alpha_0.055045.modelParams|sensorParams|encoders|disk:n_296.modelParams|spParams|synPermInactiveDec_0.055135,  300,  11,  14,  3,  0.055045,  296,  0.055135,  5.65304195671e-07,  8.69049062938e-07, 
1045,  5570,  completed,  eof,  2018-09-29 23:30:21,  2018-09-29 23:30:25,  4,  modelParams|tmParams|minThreshold_10.modelParams|tmParams|activationThreshold_13.modelParams|tmParams|pamLength_2.modelParams|clParams|alpha_0.02008.modelParams|sensorParams|encoders|disk:n_122.modelParams|spParams|synPermInactiveDec_0.07009,  300,  10,  13,  2,  0.02008,  122,  0.07009,  4.27577309966e-07,  6.57319834886e-07, 
1045,  5571,  completed,  eof,  2018-09-29 23:30:22,  2018-09-29 23:30:26,  4,  modelParams|tmParams|minThreshold_10.modelParams|tmParams|activationThreshold_13.modelParams|tmParams|pamLength_2.modelParams|clParams|alpha_0.0383229621241.modelParams|sensorParams|encoders|disk:n_169.modelParams|spParams|synPermInactiveDec_0.0801667844448,  300,  10,  13,  2,  0.0383229621241,  169,  0.0801667844448,  5.85653462018e-07,  9.00332239298e-07, 
1045,  5572,  completed,  eof,  2018-09-29 23:30:22,  2018-09-29 23:30:28,  6,  modelParams|tmParams|minThreshold_12.modelParams|tmParams|activationThreshold_16.modelParams|tmParams|pamLength_5.modelParams|clParams|alpha_0.1.modelParams|sensorParams|encoders|disk:n_521.modelParams|spParams|synPermInactiveDec_0.005285,  300,  12,  16,  5,  0.1,  521,  0.005285,  3.9746982164e-07,  6.11035224376e-07, 
1045,  5573,  completed,  eof,  2018-09-29 23:30:25,  2018-09-29 23:30:31,  6,  modelParams|tmParams|minThreshold_11.modelParams|tmParams|activationThreshold_16.modelParams|tmParams|pamLength_5.modelParams|clParams|alpha_0.0855465106015.modelParams|sensorParams|encoders|disk:n_440.modelParams|spParams|synPermInactiveDec_0.0003,  300,  11,  16,  5,  0.0855465106015,  440,  0.0003,  3.9746982164e-07,  6.11035224376e-07, 
1045,  5586,  completed,  eof,  2018-09-29 23:30:26,  2018-09-29 23:30:30,  4,  modelParams|tmParams|minThreshold_9.modelParams|tmParams|activationThreshold_12.modelParams|tmParams|pamLength_1.modelParams|clParams|alpha_0.0001.modelParams|sensorParams|encoders|disk:n_53.modelParams|spParams|synPermInactiveDec_0.1,  300,  9,  12,  1,  0.0001,  53,  0.1,  1.60575059562e-07,  2.46854005529e-07, 
1045,  5595,  completed,  eof,  2018-09-29 23:30:26,  2018-09-29 23:30:31,  5,  modelParams|tmParams|minThreshold_9.modelParams|tmParams|activationThreshold_12.modelParams|tmParams|pamLength_1.modelParams|clParams|alpha_0.0089823646424.modelParams|sensorParams|encoders|disk:n_95.modelParams|spParams|synPermInactiveDec_0.1,  300,  9,  12,  1,  0.0089823646424,  95,  0.1,  3.05982483349e-07,  4.70390618832e-07, 
1045,  5596,  completed,  eof,  2018-09-29 23:30:26,  2018-09-29 23:30:31,  5,  modelParams|tmParams|minThreshold_9.modelParams|tmParams|activationThreshold_12.modelParams|tmParams|pamLength_1.modelParams|clParams|alpha_0.00785474747694.modelParams|sensorParams|encoders|disk:n_68.modelParams|spParams|synPermInactiveDec_0.1,  300,  9,  12,  1,  0.00785474747694,  68,  0.1,  3.05982460013e-07,  4.70390582957e-07, 
1045,  5597,  completed,  eof,  2018-09-29 23:30:28,  2018-09-29 23:30:32,  4,  modelParams|tmParams|minThreshold_9.modelParams|tmParams|activationThreshold_12.modelParams|tmParams|pamLength_1.modelParams|clParams|alpha_0.0178546742481.modelParams|sensorParams|encoders|disk:n_142.modelParams|spParams|synPermInactiveDec_0.1,  300,  9,  12,  1,  0.0178546742481,  142,  0.1,  3.29719442652e-07,  5.0688173706e-07, 
1045,  5598,  completed,  killed,  2018-09-29 23:30:31,  2018-09-29 23:30:33,  2,  modelParams|tmParams|minThreshold_9.modelParams|tmParams|activationThreshold_12.modelParams|tmParams|pamLength_1.modelParams|clParams|alpha_0.0001.modelParams|sensorParams|encoders|disk:n_48.modelParams|spParams|synPermInactiveDec_0.1,  100,  9,  12,  1,  0.0001,  48,  0.1,  3.23312746093e-07,  4.97032568774e-07, 
1045,  5599,  completed,  killed,  2018-09-29 23:30:31,  2018-09-29 23:30:33,  2,  modelParams|tmParams|minThreshold_9.modelParams|tmParams|activationThreshold_12.modelParams|tmParams|pamLength_1.modelParams|clParams|alpha_0.0001.modelParams|sensorParams|encoders|disk:n_22.modelParams|spParams|synPermInactiveDec_0.1,  100,  9,  12,  1,  0.0001,  22,  0.1,  1.40102189352e-06,  2.15380778846e-06, 
1045,  5600,  completed,  killed,  2018-09-29 23:30:31,  2018-09-29 23:30:32,  1,  modelParams|tmParams|minThreshold_10.modelParams|tmParams|activationThreshold_13.modelParams|tmParams|pamLength_2.modelParams|clParams|alpha_0.0305844818171.modelParams|sensorParams|encoders|disk:n_200.modelParams|spParams|synPermInactiveDec_0.0824171318339,  50,  10,  13,  2,  0.0305844818171,  200,  0.0824171318339,  2.1968170196e-06,  3.37719281946e-06, 
1045,  5601,  completed,  killed,  2018-09-29 23:30:31,  2018-09-29 23:30:32,  1,  modelParams|tmParams|minThreshold_9.modelParams|tmParams|activationThreshold_12.modelParams|tmParams|pamLength_1.modelParams|clParams|alpha_0.0001.modelParams|sensorParams|encoders|disk:n_26.modelParams|spParams|synPermInactiveDec_0.1,  50,  9,  12,  1,  0.0001,  26,  0.1,  6.53223711494e-07,  1.00420854731e-06, 


jobID,  modelID,  status,  completionReason,  startTime,  endTime,  runtime(s),  expDesc,  numRecords,  modelParams|tmParams|minThreshold,  modelParams|tmParams|activationThreshold,  modelParams|tmParams|pamLength,  modelParams|clParams|alpha,  modelParams|sensorParams|encoders|disk:n,  modelParams|spParams|synPermInactiveDec,  multiStepBestPredictions:multiStep:errorMetric='aae':steps=[1]:window=1000:field=disk,  multiStepBestPredictions:multiStep:errorMetric='altMAPE':steps=[1]:window=1000:field=disk, 
1046,  5602,  completed,  eof,  2018-09-29 23:31:07,  2018-09-29 23:31:13,  6,  modelParams|tmParams|minThreshold_11.modelParams|tmParams|activationThreshold_14.modelParams|tmParams|pamLength_3.modelParams|clParams|alpha_0.05005.modelParams|sensorParams|encoders|disk:n_272.modelParams|spParams|synPermInactiveDec_0.05015,  300,  11,  14,  3,  0.05005,  272,  0.05015,  0.0,  0.0, 
1046,  5658,  completed,  eof,  2018-09-29 23:31:07,  2018-09-29 23:31:13,  6,  modelParams|tmParams|minThreshold_9.modelParams|tmParams|activationThreshold_12.modelParams|tmParams|pamLength_1.modelParams|clParams|alpha_0.0001.modelParams|sensorParams|encoders|disk:n_22.modelParams|spParams|synPermInactiveDec_0.1,  300,  9,  12,  1,  0.0001,  22,  0.1,  0.0,  0.0, 
1046,  5678,  completed,  eof,  2018-09-29 23:31:07,  2018-09-29 23:31:14,  7,  modelParams|tmParams|minThreshold_12.modelParams|tmParams|activationThreshold_16.modelParams|tmParams|pamLength_5.modelParams|clParams|alpha_0.1.modelParams|sensorParams|encoders|disk:n_521.modelParams|spParams|synPermInactiveDec_0.0003,  300,  12,  16,  5,  0.1,  521,  0.0003,  0.0,  0.0, 
1046,  5715,  completed,  eof,  2018-09-29 23:31:07,  2018-09-29 23:31:13,  6,  modelParams|tmParams|minThreshold_10.modelParams|tmParams|activationThreshold_13.modelParams|tmParams|pamLength_2.modelParams|clParams|alpha_0.025075.modelParams|sensorParams|encoders|disk:n_147.modelParams|spParams|synPermInactiveDec_0.075075,  300,  10,  13,  2,  0.025075,  147,  0.075075,  0.0,  0.0, 
1046,  5756,  completed,  eof,  2018-09-29 23:31:08,  2018-09-29 23:31:13,  5,  modelParams|tmParams|minThreshold_11.modelParams|tmParams|activationThreshold_15.modelParams|tmParams|pamLength_4.modelParams|clParams|alpha_0.075025.modelParams|sensorParams|encoders|disk:n_396.modelParams|spParams|synPermInactiveDec_0.025225,  300,  11,  15,  4,  0.075025,  396,  0.025225,  0.0,  0.0, 
1046,  5787,  completed,  eof,  2018-09-29 23:31:13,  2018-09-29 23:31:18,  5,  modelParams|tmParams|minThreshold_9.modelParams|tmParams|activationThreshold_12.modelParams|tmParams|pamLength_1.modelParams|clParams|alpha_0.0001.modelParams|sensorParams|encoders|disk:n_47.modelParams|spParams|synPermInactiveDec_0.1,  300,  9,  12,  1,  0.0001,  47,  0.1,  0.0,  0.0, 
1046,  5788,  completed,  eof,  2018-09-29 23:31:13,  2018-09-29 23:31:17,  4,  modelParams|tmParams|minThreshold_9.modelParams|tmParams|activationThreshold_12.modelParams|tmParams|pamLength_1.modelParams|clParams|alpha_0.0001.modelParams|sensorParams|encoders|disk:n_22.modelParams|spParams|synPermInactiveDec_0.0950683922224,  300,  9,  12,  1,  0.0001,  22,  0.0950683922224,  0.0,  0.0, 
1046,  5789,  completed,  eof,  2018-09-29 23:31:13,  2018-09-29 23:31:18,  5,  modelParams|tmParams|minThreshold_11.modelParams|tmParams|activationThreshold_14.modelParams|tmParams|pamLength_3.modelParams|clParams|alpha_0.055045.modelParams|sensorParams|encoders|disk:n_296.modelParams|spParams|synPermInactiveDec_0.055135,  300,  11,  14,  3,  0.055045,  296,  0.055135,  0.0,  0.0, 
1046,  5790,  completed,  eof,  2018-09-29 23:31:13,  2018-09-29 23:31:18,  5,  modelParams|tmParams|minThreshold_10.modelParams|tmParams|activationThreshold_14.modelParams|tmParams|pamLength_3.modelParams|clParams|alpha_0.059171481062.modelParams|sensorParams|encoders|disk:n_271.modelParams|spParams|synPermInactiveDec_0.0551883922224,  300,  10,  14,  3,  0.059171481062,  271,  0.0551883922224,  0.0,  0.0, 
1046,  5791,  completed,  eof,  2018-09-29 23:31:14,  2018-09-29 23:31:19,  5,  modelParams|tmParams|minThreshold_11.modelParams|tmParams|activationThreshold_14.modelParams|tmParams|pamLength_3.modelParams|clParams|alpha_0.0632979621241.modelParams|sensorParams|encoders|disk:n_344.modelParams|spParams|synPermInactiveDec_0.0552417844448,  300,  11,  14,  3,  0.0632979621241,  344,  0.0552417844448,  0.0,  0.0, 
1046,  5792,  completed,  killed,  2018-09-29 23:31:17,  2018-09-29 23:31:20,  3,  modelParams|tmParams|minThreshold_9.modelParams|tmParams|activationThreshold_12.modelParams|tmParams|pamLength_1.modelParams|clParams|alpha_0.000862338735851.modelParams|sensorParams|encoders|disk:n_22.modelParams|spParams|synPermInactiveDec_0.1,  150,  9,  12,  1,  0.000862338735851,  22,  0.1,  0.0,  0.0, 
1046,  5793,  completed,  killed,  2018-09-29 23:31:18,  2018-09-29 23:31:19,  1,  modelParams|tmParams|minThreshold_9.modelParams|tmParams|activationThreshold_12.modelParams|tmParams|pamLength_1.modelParams|clParams|alpha_0.0001.modelParams|sensorParams|encoders|disk:n_27.modelParams|spParams|synPermInactiveDec_0.1,  100,  9,  12,  1,  0.0001,  27,  0.1,  0.0,  0.0, 
1046,  5794,  completed,  killed,  2018-09-29 23:31:18,  2018-09-29 23:31:20,  2,  modelParams|tmParams|minThreshold_11.modelParams|tmParams|activationThreshold_14.modelParams|tmParams|pamLength_3.modelParams|clParams|alpha_0.0506794025183.modelParams|sensorParams|encoders|disk:n_277.modelParams|spParams|synPermInactiveDec_0.0502795805251,  100,  11,  14,  3,  0.0506794025183,  277,  0.0502795805251,  0.0,  0.0, 
1046,  5795,  completed,  killed,  2018-09-29 23:31:19,  2018-09-29 23:31:20,  1,  modelParams|tmParams|minThreshold_11.modelParams|tmParams|activationThreshold_14.modelParams|tmParams|pamLength_3.modelParams|clParams|alpha_0.0521788344666.modelParams|sensorParams|encoders|disk:n_270.modelParams|spParams|synPermInactiveDec_0.050982263255,  50,  11,  14,  3,  0.0521788344666,  270,  0.050982263255,  0.0,  0.0, 


jobID,  modelID,  status,  completionReason,  startTime,  endTime,  runtime(s),  expDesc,  numRecords,  modelParams|tmParams|minThreshold,  modelParams|tmParams|activationThreshold,  modelParams|tmParams|pamLength,  modelParams|clParams|alpha,  modelParams|sensorParams|encoders|disk:n,  modelParams|spParams|synPermInactiveDec,  multiStepBestPredictions:multiStep:errorMetric='aae':steps=[1]:window=1000:field=disk,  multiStepBestPredictions:multiStep:errorMetric='altMAPE':steps=[1]:window=1000:field=disk, 
1047,  5796,  completed,  eof,  2018-09-29 23:33:33,  2018-09-29 23:33:39,  6,  modelParams|tmParams|minThreshold_11.modelParams|tmParams|activationThreshold_14.modelParams|tmParams|pamLength_3.modelParams|clParams|alpha_0.05005.modelParams|sensorParams|encoders|disk:n_272.modelParams|spParams|synPermInactiveDec_0.05015,  300,  11,  14,  3,  0.05005,  272,  0.05015,  0.0,  0.0, 
1047,  5797,  completed,  eof,  2018-09-29 23:33:33,  2018-09-29 23:33:39,  6,  modelParams|tmParams|minThreshold_9.modelParams|tmParams|activationThreshold_12.modelParams|tmParams|pamLength_1.modelParams|clParams|alpha_0.0001.modelParams|sensorParams|encoders|disk:n_22.modelParams|spParams|synPermInactiveDec_0.1,  300,  9,  12,  1,  0.0001,  22,  0.1,  0.0,  0.0, 
1047,  5801,  completed,  eof,  2018-09-29 23:33:33,  2018-09-29 23:33:40,  7,  modelParams|tmParams|minThreshold_12.modelParams|tmParams|activationThreshold_16.modelParams|tmParams|pamLength_5.modelParams|clParams|alpha_0.1.modelParams|sensorParams|encoders|disk:n_521.modelParams|spParams|synPermInactiveDec_0.0003,  300,  12,  16,  5,  0.1,  521,  0.0003,  0.0,  0.0, 
1047,  5847,  completed,  eof,  2018-09-29 23:33:34,  2018-09-29 23:33:39,  5,  modelParams|tmParams|minThreshold_10.modelParams|tmParams|activationThreshold_13.modelParams|tmParams|pamLength_2.modelParams|clParams|alpha_0.025075.modelParams|sensorParams|encoders|disk:n_147.modelParams|spParams|synPermInactiveDec_0.075075,  300,  10,  13,  2,  0.025075,  147,  0.075075,  0.0,  0.0, 
1047,  5867,  completed,  eof,  2018-09-29 23:33:34,  2018-09-29 23:33:40,  6,  modelParams|tmParams|minThreshold_11.modelParams|tmParams|activationThreshold_15.modelParams|tmParams|pamLength_4.modelParams|clParams|alpha_0.075025.modelParams|sensorParams|encoders|disk:n_396.modelParams|spParams|synPermInactiveDec_0.025225,  300,  11,  15,  4,  0.075025,  396,  0.025225,  0.0,  0.0, 
1047,  5881,  completed,  eof,  2018-09-29 23:33:39,  2018-09-29 23:33:44,  5,  modelParams|tmParams|minThreshold_9.modelParams|tmParams|activationThreshold_12.modelParams|tmParams|pamLength_1.modelParams|clParams|alpha_0.0001.modelParams|sensorParams|encoders|disk:n_47.modelParams|spParams|synPermInactiveDec_0.1,  300,  9,  12,  1,  0.0001,  47,  0.1,  0.0,  0.0, 
1047,  5882,  completed,  eof,  2018-09-29 23:33:39,  2018-09-29 23:33:44,  5,  modelParams|tmParams|minThreshold_11.modelParams|tmParams|activationThreshold_14.modelParams|tmParams|pamLength_3.modelParams|clParams|alpha_0.055045.modelParams|sensorParams|encoders|disk:n_296.modelParams|spParams|synPermInactiveDec_0.055135,  300,  11,  14,  3,  0.055045,  296,  0.055135,  0.0,  0.0, 
1047,  5883,  completed,  eof,  2018-09-29 23:33:39,  2018-09-29 23:33:44,  5,  modelParams|tmParams|minThreshold_11.modelParams|tmParams|activationThreshold_14.modelParams|tmParams|pamLength_3.modelParams|clParams|alpha_0.040928518938.modelParams|sensorParams|encoders|disk:n_223.modelParams|spParams|synPermInactiveDec_0.0451116077776,  300,  11,  14,  3,  0.040928518938,  223,  0.0451116077776,  0.0,  0.0, 
1047,  5884,  completed,  eof,  2018-09-29 23:33:40,  2018-09-29 23:33:45,  5,  modelParams|tmParams|minThreshold_10.modelParams|tmParams|activationThreshold_14.modelParams|tmParams|pamLength_3.modelParams|clParams|alpha_0.059171481062.modelParams|sensorParams|encoders|disk:n_271.modelParams|spParams|synPermInactiveDec_0.0551883922224,  300,  10,  14,  3,  0.059171481062,  271,  0.0551883922224,  0.0,  0.0, 
1047,  5885,  completed,  eof,  2018-09-29 23:33:40,  2018-09-29 23:33:46,  6,  modelParams|tmParams|minThreshold_11.modelParams|tmParams|activationThreshold_14.modelParams|tmParams|pamLength_3.modelParams|clParams|alpha_0.0632979621241.modelParams|sensorParams|encoders|disk:n_344.modelParams|spParams|synPermInactiveDec_0.0552417844448,  300,  11,  14,  3,  0.0632979621241,  344,  0.0552417844448,  0.0,  0.0, 
1047,  5886,  completed,  killed,  2018-09-29 23:33:44,  2018-09-29 23:33:46,  2,  modelParams|tmParams|minThreshold_9.modelParams|tmParams|activationThreshold_12.modelParams|tmParams|pamLength_1.modelParams|clParams|alpha_0.0001.modelParams|sensorParams|encoders|disk:n_27.modelParams|spParams|synPermInactiveDec_0.1,  150,  9,  12,  1,  0.0001,  27,  0.1,  0.0,  0.0, 
1047,  5887,  completed,  killed,  2018-09-29 23:33:44,  2018-09-29 23:33:46,  2,  modelParams|tmParams|minThreshold_11.modelParams|tmParams|activationThreshold_14.modelParams|tmParams|pamLength_3.modelParams|clParams|alpha_0.0479211655334.modelParams|sensorParams|encoders|disk:n_264.modelParams|spParams|synPermInactiveDec_0.049317736745,  100,  11,  14,  3,  0.0479211655334,  264,  0.049317736745,  0.0,  0.0, 
1047,  5888,  completed,  killed,  2018-09-29 23:33:44,  2018-09-29 23:33:46,  2,  modelParams|tmParams|minThreshold_11.modelParams|tmParams|activationThreshold_14.modelParams|tmParams|pamLength_3.modelParams|clParams|alpha_0.0506794025183.modelParams|sensorParams|encoders|disk:n_277.modelParams|spParams|synPermInactiveDec_0.0502795805251,  100,  11,  14,  3,  0.0506794025183,  277,  0.0502795805251,  0.0,  0.0, 
1047,  5889,  completed,  killed,  2018-09-29 23:33:45,  2018-09-29 23:33:46,  1,  modelParams|tmParams|minThreshold_11.modelParams|tmParams|activationThreshold_14.modelParams|tmParams|pamLength_3.modelParams|clParams|alpha_0.0521788344666.modelParams|sensorParams|encoders|disk:n_270.modelParams|spParams|synPermInactiveDec_0.050982263255,  50,  11,  14,  3,  0.0521788344666,  270,  0.050982263255,  0.0,  0.0, 


jobID,  modelID,  status,  completionReason,  startTime,  endTime,  runtime(s),  expDesc,  numRecords,  modelParams|tmParams|minThreshold,  modelParams|tmParams|activationThreshold,  modelParams|tmParams|pamLength,  modelParams|clParams|alpha,  modelParams|sensorParams|encoders|disk:n,  modelParams|spParams|synPermInactiveDec,  multiStepBestPredictions:multiStep:errorMetric='aae':steps=[1]:window=1000:field=disk,  multiStepBestPredictions:multiStep:errorMetric='altMAPE':steps=[1]:window=1000:field=disk, 
1049,  5919,  completed,  eof,  2018-09-29 23:34:44,  2018-09-29 23:34:53,  9,  modelParams|tmParams|minThreshold_11.modelParams|tmParams|activationThreshold_14.modelParams|tmParams|pamLength_3.modelParams|clParams|alpha_0.05005.modelParams|sensorParams|encoders|disk:n_272.modelParams|spParams|synPermInactiveDec_0.05015,  300,  11,  14,  3,  0.05005,  272,  0.05015,  7.67729485069e-08,  1.18025448838e-07, 
1049,  5934,  completed,  eof,  2018-09-29 23:34:44,  2018-09-29 23:34:53,  9,  modelParams|tmParams|minThreshold_9.modelParams|tmParams|activationThreshold_12.modelParams|tmParams|pamLength_1.modelParams|clParams|alpha_0.0001.modelParams|sensorParams|encoders|disk:n_22.modelParams|spParams|synPermInactiveDec_0.1,  300,  9,  12,  1,  0.0001,  22,  0.1,  7.73139251379e-08,  1.1885710909e-07, 
1049,  5979,  completed,  eof,  2018-09-29 23:34:44,  2018-09-29 23:34:55,  11,  modelParams|tmParams|minThreshold_12.modelParams|tmParams|activationThreshold_16.modelParams|tmParams|pamLength_5.modelParams|clParams|alpha_0.1.modelParams|sensorParams|encoders|disk:n_521.modelParams|spParams|synPermInactiveDec_0.0003,  300,  12,  16,  5,  0.1,  521,  0.0003,  7.53173345081e-08,  1.15787688027e-07, 
1049,  5997,  completed,  eof,  2018-09-29 23:34:45,  2018-09-29 23:34:53,  8,  modelParams|tmParams|minThreshold_10.modelParams|tmParams|activationThreshold_13.modelParams|tmParams|pamLength_2.modelParams|clParams|alpha_0.025075.modelParams|sensorParams|encoders|disk:n_147.modelParams|spParams|synPermInactiveDec_0.075075,  300,  10,  13,  2,  0.025075,  147,  0.075075,  3.76926805071e-08,  5.79461336484e-08, 
1049,  6023,  completed,  eof,  2018-09-29 23:34:45,  2018-09-29 23:34:54,  9,  modelParams|tmParams|minThreshold_11.modelParams|tmParams|activationThreshold_15.modelParams|tmParams|pamLength_4.modelParams|clParams|alpha_0.075025.modelParams|sensorParams|encoders|disk:n_396.modelParams|spParams|synPermInactiveDec_0.025225,  300,  11,  15,  4,  0.075025,  396,  0.025225,  7.72087875789e-08,  1.18695477841e-07, 
1049,  6056,  completed,  eof,  2018-09-29 23:34:53,  2018-09-29 23:34:58,  5,  modelParams|tmParams|minThreshold_9.modelParams|tmParams|activationThreshold_12.modelParams|tmParams|pamLength_1.modelParams|clParams|alpha_0.0001.modelParams|sensorParams|encoders|disk:n_47.modelParams|spParams|synPermInactiveDec_0.1,  300,  9,  12,  1,  0.0001,  47,  0.1,  1.78416732952e-08,  2.74285609664e-08, 
1049,  6062,  completed,  eof,  2018-09-29 23:34:53,  2018-09-29 23:34:59,  6,  modelParams|tmParams|minThreshold_10.modelParams|tmParams|activationThreshold_13.modelParams|tmParams|pamLength_2.modelParams|clParams|alpha_0.034196481062.modelParams|sensorParams|encoders|disk:n_195.modelParams|spParams|synPermInactiveDec_0.0801133922224,  300,  10,  13,  2,  0.034196481062,  195,  0.0801133922224,  4.64517337742e-08,  7.14116994937e-08, 
1049,  6068,  completed,  eof,  2018-09-29 23:34:53,  2018-09-29 23:34:58,  5,  modelParams|tmParams|minThreshold_10.modelParams|tmParams|activationThreshold_13.modelParams|tmParams|pamLength_2.modelParams|clParams|alpha_0.02008.modelParams|sensorParams|encoders|disk:n_122.modelParams|spParams|synPermInactiveDec_0.07009,  300,  10,  13,  2,  0.02008,  122,  0.07009,  2.72857764031e-08,  4.19472753034e-08, 
1049,  6069,  completed,  eof,  2018-09-29 23:34:54,  2018-09-29 23:34:59,  5,  modelParams|tmParams|minThreshold_10.modelParams|tmParams|activationThreshold_13.modelParams|tmParams|pamLength_2.modelParams|clParams|alpha_0.0383229621241.modelParams|sensorParams|encoders|disk:n_169.modelParams|spParams|synPermInactiveDec_0.0801667844448,  300,  10,  13,  2,  0.0383229621241,  169,  0.0801667844448,  7.67925911875e-08,  1.18055646144e-07, 
1049,  6070,  completed,  eof,  2018-09-29 23:34:55,  2018-09-29 23:34:59,  4,  modelParams|tmParams|minThreshold_10.modelParams|tmParams|activationThreshold_13.modelParams|tmParams|pamLength_2.modelParams|clParams|alpha_0.0424494431861.modelParams|sensorParams|encoders|disk:n_242.modelParams|spParams|synPermInactiveDec_0.0802201766672,  300,  10,  13,  2,  0.0424494431861,  242,  0.0802201766672,  7.679259114e-08,  1.18055646071e-07, 
1049,  6071,  completed,  eof,  2018-09-29 23:34:58,  2018-09-29 23:35:03,  5,  modelParams|tmParams|minThreshold_9.modelParams|tmParams|activationThreshold_12.modelParams|tmParams|pamLength_1.modelParams|clParams|alpha_0.0001.modelParams|sensorParams|encoders|disk:n_53.modelParams|spParams|synPermInactiveDec_0.1,  300,  9,  12,  1,  0.0001,  53,  0.1,  1.78416732952e-08,  2.74285609664e-08, 
1049,  6072,  completed,  eof,  2018-09-29 23:34:58,  2018-09-29 23:35:03,  5,  modelParams|tmParams|minThreshold_9.modelParams|tmParams|activationThreshold_12.modelParams|tmParams|pamLength_1.modelParams|clParams|alpha_0.00215243484963.modelParams|sensorParams|encoders|disk:n_55.modelParams|spParams|synPermInactiveDec_0.0988178206669,  300,  9,  12,  1,  0.00215243484963,  55,  0.0988178206669,  1.78416738656e-08,  2.74285618432e-08, 
1049,  6073,  completed,  eof,  2018-09-29 23:34:59,  2018-09-29 23:35:04,  5,  modelParams|tmParams|minThreshold_9.modelParams|tmParams|activationThreshold_12.modelParams|tmParams|pamLength_1.modelParams|clParams|alpha_0.00177019317379.modelParams|sensorParams|encoders|disk:n_56.modelParams|spParams|synPermInactiveDec_0.1,  300,  9,  12,  1,  0.00177019317379,  56,  0.1,  1.78416733427e-08,  2.74285610395e-08, 
1049,  6074,  completed,  eof,  2018-09-29 23:34:59,  2018-09-29 23:35:04,  5,  modelParams|tmParams|minThreshold_9.modelParams|tmParams|activationThreshold_12.modelParams|tmParams|pamLength_1.modelParams|clParams|alpha_0.0001.modelParams|sensorParams|encoders|disk:n_22.modelParams|spParams|synPermInactiveDec_0.1,  300,  9,  12,  1,  0.0001,  22,  0.1,  7.73139251379e-08,  1.1885710909e-07, 
1049,  6075,  completed,  eof,  2018-09-29 23:35:00,  2018-09-29 23:35:05,  5,  modelParams|tmParams|minThreshold_10.modelParams|tmParams|activationThreshold_12.modelParams|tmParams|pamLength_1.modelParams|clParams|alpha_0.00935417942522.modelParams|sensorParams|encoders|disk:n_82.modelParams|spParams|synPermInactiveDec_0.1,  300,  10,  12,  1,  0.00935417942522,  82,  0.1,  1.83142587858e-08,  2.81550813845e-08, 
1049,  6076,  completed,  killed,  2018-09-29 23:35:03,  2018-09-29 23:35:05,  2,  modelParams|tmParams|minThreshold_9.modelParams|tmParams|activationThreshold_12.modelParams|tmParams|pamLength_1.modelParams|clParams|alpha_0.0001.modelParams|sensorParams|encoders|disk:n_48.modelParams|spParams|synPermInactiveDec_0.1,  50,  9,  12,  1,  0.0001,  48,  0.1,  0.0,  0.0, 
1049,  6077,  completed,  killed,  2018-09-29 23:35:03,  2018-09-29 23:35:05,  2,  modelParams|tmParams|minThreshold_9.modelParams|tmParams|activationThreshold_12.modelParams|tmParams|pamLength_1.modelParams|clParams|alpha_0.0001.modelParams|sensorParams|encoders|disk:n_31.modelParams|spParams|synPermInactiveDec_0.1,  50,  9,  12,  1,  0.0001,  31,  0.1,  0.0,  0.0, 
1049,  6078,  completed,  killed,  2018-09-29 23:35:04,  2018-09-29 23:35:05,  1,  modelParams|tmParams|minThreshold_9.modelParams|tmParams|activationThreshold_12.modelParams|tmParams|pamLength_1.modelParams|clParams|alpha_0.000883991244508.modelParams|sensorParams|encoders|disk:n_39.modelParams|spParams|synPermInactiveDec_0.1,  50,  9,  12,  1,  0.000883991244508,  39,  0.1,  0.0,  0.0, 
1049,  6079,  completed,  killed,  2018-09-29 23:35:04,  2018-09-29 23:35:05,  1,  modelParams|tmParams|minThreshold_9.modelParams|tmParams|activationThreshold_12.modelParams|tmParams|pamLength_1.modelParams|clParams|alpha_0.0130567291571.modelParams|sensorParams|encoders|disk:n_121.modelParams|spParams|synPermInactiveDec_0.0897174792854,  50,  9,  12,  1,  0.0130567291571,  121,  0.0897174792854,  0.0,  0.0, 


jobID,  modelID,  status,  completionReason,  startTime,  endTime,  runtime(s),  expDesc,  numRecords,  modelParams|tmParams|minThreshold,  modelParams|tmParams|activationThreshold,  modelParams|tmParams|pamLength,  modelParams|clParams|alpha,  modelParams|sensorParams|encoders|disk:n,  modelParams|spParams|synPermInactiveDec,  multiStepBestPredictions:multiStep:errorMetric='aae':steps=[1]:window=1000:field=disk,  multiStepBestPredictions:multiStep:errorMetric='altMAPE':steps=[1]:window=1000:field=disk, 
1050,  6080,  completed,  eof,  2018-09-29 23:35:34,  2018-09-29 23:35:40,  6,  modelParams|tmParams|minThreshold_11.modelParams|tmParams|activationThreshold_14.modelParams|tmParams|pamLength_3.modelParams|clParams|alpha_0.05005.modelParams|sensorParams|encoders|disk:n_272.modelParams|spParams|synPermInactiveDec_0.05015,  300,  11,  14,  3,  0.05005,  272,  0.05015,  0.0,  0.0, 
1050,  6151,  completed,  eof,  2018-09-29 23:35:34,  2018-09-29 23:35:40,  6,  modelParams|tmParams|minThreshold_9.modelParams|tmParams|activationThreshold_12.modelParams|tmParams|pamLength_1.modelParams|clParams|alpha_0.0001.modelParams|sensorParams|encoders|disk:n_22.modelParams|spParams|synPermInactiveDec_0.1,  300,  9,  12,  1,  0.0001,  22,  0.1,  0.0,  0.0, 
1050,  6212,  completed,  eof,  2018-09-29 23:35:35,  2018-09-29 23:35:41,  6,  modelParams|tmParams|minThreshold_12.modelParams|tmParams|activationThreshold_16.modelParams|tmParams|pamLength_5.modelParams|clParams|alpha_0.1.modelParams|sensorParams|encoders|disk:n_521.modelParams|spParams|synPermInactiveDec_0.0003,  300,  12,  16,  5,  0.1,  521,  0.0003,  0.0,  0.0, 
1050,  6263,  completed,  eof,  2018-09-29 23:35:35,  2018-09-29 23:35:41,  6,  modelParams|tmParams|minThreshold_10.modelParams|tmParams|activationThreshold_13.modelParams|tmParams|pamLength_2.modelParams|clParams|alpha_0.025075.modelParams|sensorParams|encoders|disk:n_147.modelParams|spParams|synPermInactiveDec_0.075075,  300,  10,  13,  2,  0.025075,  147,  0.075075,  0.0,  0.0, 
1050,  6304,  completed,  eof,  2018-09-29 23:35:35,  2018-09-29 23:35:41,  6,  modelParams|tmParams|minThreshold_11.modelParams|tmParams|activationThreshold_15.modelParams|tmParams|pamLength_4.modelParams|clParams|alpha_0.075025.modelParams|sensorParams|encoders|disk:n_396.modelParams|spParams|synPermInactiveDec_0.025225,  300,  11,  15,  4,  0.075025,  396,  0.025225,  0.0,  0.0, 
1050,  6335,  completed,  eof,  2018-09-29 23:35:40,  2018-09-29 23:35:45,  5,  modelParams|tmParams|minThreshold_11.modelParams|tmParams|activationThreshold_14.modelParams|tmParams|pamLength_3.modelParams|clParams|alpha_0.055045.modelParams|sensorParams|encoders|disk:n_296.modelParams|spParams|synPermInactiveDec_0.055135,  300,  11,  14,  3,  0.055045,  296,  0.055135,  0.0,  0.0, 
1050,  6337,  completed,  eof,  2018-09-29 23:35:40,  2018-09-29 23:35:45,  5,  modelParams|tmParams|minThreshold_10.modelParams|tmParams|activationThreshold_14.modelParams|tmParams|pamLength_3.modelParams|clParams|alpha_0.0368020378759.modelParams|sensorParams|encoders|disk:n_250.modelParams|spParams|synPermInactiveDec_0.0550282155552,  300,  10,  14,  3,  0.0368020378759,  250,  0.0550282155552,  0.0,  0.0, 
1050,  6338,  completed,  eof,  2018-09-29 23:35:41,  2018-09-29 23:35:46,  5,  modelParams|tmParams|minThreshold_11.modelParams|tmParams|activationThreshold_14.modelParams|tmParams|pamLength_3.modelParams|clParams|alpha_0.040928518938.modelParams|sensorParams|encoders|disk:n_223.modelParams|spParams|synPermInactiveDec_0.0451116077776,  300,  11,  14,  3,  0.040928518938,  223,  0.0451116077776,  0.0,  0.0, 
1050,  6339,  completed,  eof,  2018-09-29 23:35:41,  2018-09-29 23:35:46,  5,  modelParams|tmParams|minThreshold_10.modelParams|tmParams|activationThreshold_14.modelParams|tmParams|pamLength_3.modelParams|clParams|alpha_0.059171481062.modelParams|sensorParams|encoders|disk:n_271.modelParams|spParams|synPermInactiveDec_0.0551883922224,  300,  10,  14,  3,  0.059171481062,  271,  0.0551883922224,  0.0,  0.0, 
1050,  6340,  completed,  eof,  2018-09-29 23:35:42,  2018-09-29 23:35:47,  5,  modelParams|tmParams|minThreshold_11.modelParams|tmParams|activationThreshold_14.modelParams|tmParams|pamLength_3.modelParams|clParams|alpha_0.0632979621241.modelParams|sensorParams|encoders|disk:n_344.modelParams|spParams|synPermInactiveDec_0.0552417844448,  300,  11,  14,  3,  0.0632979621241,  344,  0.0552417844448,  0.0,  0.0, 
1050,  6341,  completed,  killed,  2018-09-29 23:35:45,  2018-09-29 23:35:47,  2,  modelParams|tmParams|minThreshold_11.modelParams|tmParams|activationThreshold_14.modelParams|tmParams|pamLength_3.modelParams|clParams|alpha_0.0464217335851.modelParams|sensorParams|encoders|disk:n_270.modelParams|spParams|synPermInactiveDec_0.0488742150653,  100,  11,  14,  3,  0.0464217335851,  270,  0.0488742150653,  0.0,  0.0, 
1050,  6342,  completed,  killed,  2018-09-29 23:35:45,  2018-09-29 23:35:47,  2,  modelParams|tmParams|minThreshold_11.modelParams|tmParams|activationThreshold_14.modelParams|tmParams|pamLength_3.modelParams|clParams|alpha_0.0506794025183.modelParams|sensorParams|encoders|disk:n_277.modelParams|spParams|synPermInactiveDec_0.0502795805251,  100,  11,  14,  3,  0.0506794025183,  277,  0.0502795805251,  0.0,  0.0, 
1050,  6343,  completed,  killed,  2018-09-29 23:35:46,  2018-09-29 23:35:47,  1,  modelParams|tmParams|minThreshold_11.modelParams|tmParams|activationThreshold_14.modelParams|tmParams|pamLength_3.modelParams|clParams|alpha_0.0479211655334.modelParams|sensorParams|encoders|disk:n_264.modelParams|spParams|synPermInactiveDec_0.049317736745,  50,  11,  14,  3,  0.0479211655334,  264,  0.049317736745,  0.0,  0.0, 
1050,  6344,  completed,  killed,  2018-09-29 23:35:46,  2018-09-29 23:35:47,  1,  modelParams|tmParams|minThreshold_11.modelParams|tmParams|activationThreshold_14.modelParams|tmParams|pamLength_3.modelParams|clParams|alpha_0.0521788344666.modelParams|sensorParams|encoders|disk:n_270.modelParams|spParams|synPermInactiveDec_0.050982263255,  50,  11,  14,  3,  0.0521788344666,  270,  0.050982263255,  0.0,  0.0, 


jobID,  modelID,  status,  completionReason,  startTime,  endTime,  runtime(s),  expDesc,  numRecords,  modelParams|tmParams|minThreshold,  modelParams|tmParams|activationThreshold,  modelParams|tmParams|pamLength,  modelParams|clParams|alpha,  modelParams|sensorParams|encoders|disk:n,  modelParams|spParams|synPermInactiveDec,  multiStepBestPredictions:multiStep:errorMetric='aae':steps=[1]:window=1000:field=disk,  multiStepBestPredictions:multiStep:errorMetric='altMAPE':steps=[1]:window=1000:field=disk, 
1051,  6345,  completed,  eof,  2018-09-29 23:37:56,  2018-09-29 23:38:02,  6,  modelParams|tmParams|minThreshold_11.modelParams|tmParams|activationThreshold_14.modelParams|tmParams|pamLength_3.modelParams|clParams|alpha_0.05005.modelParams|sensorParams|encoders|disk:n_272.modelParams|spParams|synPermInactiveDec_0.05015,  300,  11,  14,  3,  0.05005,  272,  0.05015,  0.0,  0.0, 
1051,  6416,  completed,  eof,  2018-09-29 23:37:56,  2018-09-29 23:38:02,  6,  modelParams|tmParams|minThreshold_9.modelParams|tmParams|activationThreshold_12.modelParams|tmParams|pamLength_1.modelParams|clParams|alpha_0.0001.modelParams|sensorParams|encoders|disk:n_22.modelParams|spParams|synPermInactiveDec_0.1,  300,  9,  12,  1,  0.0001,  22,  0.1,  0.0,  0.0, 
1051,  6449,  completed,  eof,  2018-09-29 23:37:56,  2018-09-29 23:38:03,  7,  modelParams|tmParams|minThreshold_12.modelParams|tmParams|activationThreshold_16.modelParams|tmParams|pamLength_5.modelParams|clParams|alpha_0.1.modelParams|sensorParams|encoders|disk:n_521.modelParams|spParams|synPermInactiveDec_0.0003,  300,  12,  16,  5,  0.1,  521,  0.0003,  0.0,  0.0, 
1051,  6486,  completed,  eof,  2018-09-29 23:37:57,  2018-09-29 23:38:02,  5,  modelParams|tmParams|minThreshold_10.modelParams|tmParams|activationThreshold_13.modelParams|tmParams|pamLength_2.modelParams|clParams|alpha_0.025075.modelParams|sensorParams|encoders|disk:n_147.modelParams|spParams|synPermInactiveDec_0.075075,  300,  10,  13,  2,  0.025075,  147,  0.075075,  0.0,  0.0, 
1051,  6499,  completed,  eof,  2018-09-29 23:37:57,  2018-09-29 23:38:03,  6,  modelParams|tmParams|minThreshold_11.modelParams|tmParams|activationThreshold_15.modelParams|tmParams|pamLength_4.modelParams|clParams|alpha_0.075025.modelParams|sensorParams|encoders|disk:n_396.modelParams|spParams|synPermInactiveDec_0.025225,  300,  11,  15,  4,  0.075025,  396,  0.025225,  0.0,  0.0, 
1051,  6520,  completed,  eof,  2018-09-29 23:38:02,  2018-09-29 23:38:07,  5,  modelParams|tmParams|minThreshold_10.modelParams|tmParams|activationThreshold_13.modelParams|tmParams|pamLength_2.modelParams|clParams|alpha_0.02008.modelParams|sensorParams|encoders|disk:n_122.modelParams|spParams|synPermInactiveDec_0.07009,  300,  10,  13,  2,  0.02008,  122,  0.07009,  0.0,  0.0, 
1051,  6521,  completed,  eof,  2018-09-29 23:38:02,  2018-09-29 23:38:07,  5,  modelParams|tmParams|minThreshold_11.modelParams|tmParams|activationThreshold_14.modelParams|tmParams|pamLength_3.modelParams|clParams|alpha_0.055045.modelParams|sensorParams|encoders|disk:n_296.modelParams|spParams|synPermInactiveDec_0.055135,  300,  11,  14,  3,  0.055045,  296,  0.055135,  0.0,  0.0, 
1051,  6522,  completed,  eof,  2018-09-29 23:38:02,  2018-09-29 23:38:07,  5,  modelParams|tmParams|minThreshold_10.modelParams|tmParams|activationThreshold_14.modelParams|tmParams|pamLength_3.modelParams|clParams|alpha_0.0368020378759.modelParams|sensorParams|encoders|disk:n_250.modelParams|spParams|synPermInactiveDec_0.0550282155552,  300,  10,  14,  3,  0.0368020378759,  250,  0.0550282155552,  0.0,  0.0, 
1051,  6523,  completed,  eof,  2018-09-29 23:38:03,  2018-09-29 23:38:08,  5,  modelParams|tmParams|minThreshold_10.modelParams|tmParams|activationThreshold_14.modelParams|tmParams|pamLength_3.modelParams|clParams|alpha_0.059171481062.modelParams|sensorParams|encoders|disk:n_271.modelParams|spParams|synPermInactiveDec_0.0551883922224,  300,  10,  14,  3,  0.059171481062,  271,  0.0551883922224,  0.0,  0.0, 
1051,  6524,  completed,  eof,  2018-09-29 23:38:03,  2018-09-29 23:38:08,  5,  modelParams|tmParams|minThreshold_11.modelParams|tmParams|activationThreshold_14.modelParams|tmParams|pamLength_3.modelParams|clParams|alpha_0.0632979621241.modelParams|sensorParams|encoders|disk:n_344.modelParams|spParams|synPermInactiveDec_0.0552417844448,  300,  11,  14,  3,  0.0632979621241,  344,  0.0552417844448,  0.0,  0.0, 
1051,  6525,  completed,  killed,  2018-09-29 23:38:07,  2018-09-29 23:38:09,  2,  modelParams|tmParams|minThreshold_10.modelParams|tmParams|activationThreshold_13.modelParams|tmParams|pamLength_2.modelParams|clParams|alpha_0.0244455974817.modelParams|sensorParams|encoders|disk:n_142.modelParams|spParams|synPermInactiveDec_0.0749454194749,  100,  10,  13,  2,  0.0244455974817,  142,  0.0749454194749,  0.0,  0.0, 
1051,  6526,  completed,  killed,  2018-09-29 23:38:07,  2018-09-29 23:38:09,  2,  modelParams|tmParams|minThreshold_11.modelParams|tmParams|activationThreshold_14.modelParams|tmParams|pamLength_3.modelParams|clParams|alpha_0.0506794025183.modelParams|sensorParams|encoders|disk:n_277.modelParams|spParams|synPermInactiveDec_0.0502795805251,  100,  11,  14,  3,  0.0506794025183,  277,  0.0502795805251,  0.0,  0.0, 
1051,  6527,  completed,  killed,  2018-09-29 23:38:07,  2018-09-29 23:38:08,  1,  modelParams|tmParams|minThreshold_11.modelParams|tmParams|activationThreshold_14.modelParams|tmParams|pamLength_3.modelParams|clParams|alpha_0.0464217335851.modelParams|sensorParams|encoders|disk:n_270.modelParams|spParams|synPermInactiveDec_0.0488742150653,  50,  11,  14,  3,  0.0464217335851,  270,  0.0488742150653,  0.0,  0.0, 
1051,  6528,  completed,  killed,  2018-09-29 23:38:08,  2018-09-29 23:38:09,  1,  modelParams|tmParams|minThreshold_11.modelParams|tmParams|activationThreshold_14.modelParams|tmParams|pamLength_3.modelParams|clParams|alpha_0.0521788344666.modelParams|sensorParams|encoders|disk:n_270.modelParams|spParams|synPermInactiveDec_0.050982263255,  50,  11,  14,  3,  0.0521788344666,  270,  0.050982263255,  0.0,  0.0, 


jobID,  modelID,  status,  completionReason,  startTime,  endTime,  runtime(s),  expDesc,  numRecords,  modelParams|tmParams|minThreshold,  modelParams|tmParams|activationThreshold,  modelParams|tmParams|pamLength,  modelParams|clParams|alpha,  modelParams|sensorParams|encoders|disk:n,  modelParams|spParams|synPermInactiveDec,  multiStepBestPredictions:multiStep:errorMetric='aae':steps=[1]:window=1000:field=disk,  multiStepBestPredictions:multiStep:errorMetric='altMAPE':steps=[1]:window=1000:field=disk, 
1052,  6529,  completed,  eof,  2018-09-29 23:39:22,  2018-09-29 23:39:28,  6,  modelParams|tmParams|minThreshold_11.modelParams|tmParams|activationThreshold_14.modelParams|tmParams|pamLength_3.modelParams|clParams|alpha_0.05005.modelParams|sensorParams|encoders|disk:n_272.modelParams|spParams|synPermInactiveDec_0.05015,  300,  11,  14,  3,  0.05005,  272,  0.05015,  0.0,  0.0, 
1052,  6558,  completed,  eof,  2018-09-29 23:39:22,  2018-09-29 23:39:28,  6,  modelParams|tmParams|minThreshold_9.modelParams|tmParams|activationThreshold_12.modelParams|tmParams|pamLength_1.modelParams|clParams|alpha_0.0001.modelParams|sensorParams|encoders|disk:n_22.modelParams|spParams|synPermInactiveDec_0.1,  300,  9,  12,  1,  0.0001,  22,  0.1,  0.0,  0.0, 
1052,  6593,  completed,  eof,  2018-09-29 23:39:23,  2018-09-29 23:39:29,  6,  modelParams|tmParams|minThreshold_12.modelParams|tmParams|activationThreshold_16.modelParams|tmParams|pamLength_5.modelParams|clParams|alpha_0.1.modelParams|sensorParams|encoders|disk:n_521.modelParams|spParams|synPermInactiveDec_0.0003,  300,  12,  16,  5,  0.1,  521,  0.0003,  0.0,  0.0, 
1052,  6625,  completed,  eof,  2018-09-29 23:39:23,  2018-09-29 23:39:28,  5,  modelParams|tmParams|minThreshold_10.modelParams|tmParams|activationThreshold_13.modelParams|tmParams|pamLength_2.modelParams|clParams|alpha_0.025075.modelParams|sensorParams|encoders|disk:n_147.modelParams|spParams|synPermInactiveDec_0.075075,  300,  10,  13,  2,  0.025075,  147,  0.075075,  0.0,  0.0, 
1052,  6651,  completed,  eof,  2018-09-29 23:39:23,  2018-09-29 23:39:29,  6,  modelParams|tmParams|minThreshold_11.modelParams|tmParams|activationThreshold_15.modelParams|tmParams|pamLength_4.modelParams|clParams|alpha_0.075025.modelParams|sensorParams|encoders|disk:n_396.modelParams|spParams|synPermInactiveDec_0.025225,  300,  11,  15,  4,  0.075025,  396,  0.025225,  0.0,  0.0, 
1052,  6674,  completed,  eof,  2018-09-29 23:39:28,  2018-09-29 23:39:33,  5,  modelParams|tmParams|minThreshold_10.modelParams|tmParams|activationThreshold_13.modelParams|tmParams|pamLength_2.modelParams|clParams|alpha_0.02008.modelParams|sensorParams|encoders|disk:n_122.modelParams|spParams|synPermInactiveDec_0.07009,  300,  10,  13,  2,  0.02008,  122,  0.07009,  0.0,  0.0, 
1052,  6675,  completed,  eof,  2018-09-29 23:39:28,  2018-09-29 23:39:33,  5,  modelParams|tmParams|minThreshold_11.modelParams|tmParams|activationThreshold_14.modelParams|tmParams|pamLength_3.modelParams|clParams|alpha_0.055045.modelParams|sensorParams|encoders|disk:n_296.modelParams|spParams|synPermInactiveDec_0.055135,  300,  11,  14,  3,  0.055045,  296,  0.055135,  0.0,  0.0, 
1052,  6676,  completed,  eof,  2018-09-29 23:39:29,  2018-09-29 23:39:33,  4,  modelParams|tmParams|minThreshold_10.modelParams|tmParams|activationThreshold_14.modelParams|tmParams|pamLength_3.modelParams|clParams|alpha_0.0368020378759.modelParams|sensorParams|encoders|disk:n_250.modelParams|spParams|synPermInactiveDec_0.0550282155552,  300,  10,  14,  3,  0.0368020378759,  250,  0.0550282155552,  0.0,  0.0, 
1052,  6677,  completed,  eof,  2018-09-29 23:39:29,  2018-09-29 23:39:34,  5,  modelParams|tmParams|minThreshold_10.modelParams|tmParams|activationThreshold_14.modelParams|tmParams|pamLength_3.modelParams|clParams|alpha_0.059171481062.modelParams|sensorParams|encoders|disk:n_271.modelParams|spParams|synPermInactiveDec_0.0551883922224,  300,  10,  14,  3,  0.059171481062,  271,  0.0551883922224,  0.0,  0.0, 
1052,  6678,  completed,  eof,  2018-09-29 23:39:29,  2018-09-29 23:39:34,  5,  modelParams|tmParams|minThreshold_11.modelParams|tmParams|activationThreshold_14.modelParams|tmParams|pamLength_3.modelParams|clParams|alpha_0.0632979621241.modelParams|sensorParams|encoders|disk:n_344.modelParams|spParams|synPermInactiveDec_0.0552417844448,  300,  11,  14,  3,  0.0632979621241,  344,  0.0552417844448,  0.0,  0.0, 
1052,  6679,  completed,  killed,  2018-09-29 23:39:33,  2018-09-29 23:39:35,  2,  modelParams|tmParams|minThreshold_11.modelParams|tmParams|activationThreshold_14.modelParams|tmParams|pamLength_3.modelParams|clParams|alpha_0.0452941164196.modelParams|sensorParams|encoders|disk:n_243.modelParams|spParams|synPermInactiveDec_0.0499670272525,  50,  11,  14,  3,  0.0452941164196,  243,  0.0499670272525,  0.0,  0.0, 
1052,  6685,  completed,  killed,  2018-09-29 23:39:33,  2018-09-29 23:39:35,  2,  modelParams|tmParams|minThreshold_11.modelParams|tmParams|activationThreshold_14.modelParams|tmParams|pamLength_3.modelParams|clParams|alpha_0.0506794025183.modelParams|sensorParams|encoders|disk:n_277.modelParams|spParams|synPermInactiveDec_0.0502795805251,  50,  11,  14,  3,  0.0506794025183,  277,  0.0502795805251,  0.0,  0.0, 
1052,  6691,  completed,  killed,  2018-09-29 23:39:34,  2018-09-29 23:39:35,  1,  modelParams|tmParams|minThreshold_11.modelParams|tmParams|activationThreshold_13.modelParams|tmParams|pamLength_2.modelParams|clParams|alpha_0.0255732146471.modelParams|sensorParams|encoders|disk:n_168.modelParams|spParams|synPermInactiveDec_0.0738526072877,  50,  11,  13,  2,  0.0255732146471,  168,  0.0738526072877,  0.0,  0.0, 
1052,  6692,  completed,  killed,  2018-09-29 23:39:34,  2018-09-29 23:39:35,  1,  modelParams|tmParams|minThreshold_11.modelParams|tmParams|activationThreshold_14.modelParams|tmParams|pamLength_3.modelParams|clParams|alpha_0.0521788344666.modelParams|sensorParams|encoders|disk:n_270.modelParams|spParams|synPermInactiveDec_0.050982263255,  50,  11,  14,  3,  0.0521788344666,  270,  0.050982263255,  0.0,  0.0, 


jobID,  modelID,  status,  completionReason,  startTime,  endTime,  runtime(s),  expDesc,  numRecords,  modelParams|tmParams|minThreshold,  modelParams|tmParams|activationThreshold,  modelParams|tmParams|pamLength,  modelParams|clParams|alpha,  modelParams|sensorParams|encoders|disk:n,  modelParams|spParams|synPermInactiveDec,  multiStepBestPredictions:multiStep:errorMetric='aae':steps=[1]:window=1000:field=disk,  multiStepBestPredictions:multiStep:errorMetric='altMAPE':steps=[1]:window=1000:field=disk, 
1055,  6760,  completed,  eof,  2018-09-30 01:35:56,  2018-09-30 01:36:03,  7,  modelParams|tmParams|minThreshold_11.modelParams|tmParams|activationThreshold_14.modelParams|tmParams|pamLength_3.modelParams|clParams|alpha_0.05005.modelParams|sensorParams|encoders|disk:n_272.modelParams|spParams|synPermInactiveDec_0.05015,  300,  11,  14,  3,  0.05005,  272,  0.05015,  0.0,  0.0, 
1055,  6787,  completed,  eof,  2018-09-30 01:35:57,  2018-09-30 01:36:03,  6,  modelParams|tmParams|minThreshold_9.modelParams|tmParams|activationThreshold_12.modelParams|tmParams|pamLength_1.modelParams|clParams|alpha_0.0001.modelParams|sensorParams|encoders|disk:n_22.modelParams|spParams|synPermInactiveDec_0.1,  300,  9,  12,  1,  0.0001,  22,  0.1,  0.0,  0.0, 
1055,  6830,  completed,  eof,  2018-09-30 01:35:57,  2018-09-30 01:36:04,  7,  modelParams|tmParams|minThreshold_12.modelParams|tmParams|activationThreshold_16.modelParams|tmParams|pamLength_5.modelParams|clParams|alpha_0.1.modelParams|sensorParams|encoders|disk:n_521.modelParams|spParams|synPermInactiveDec_0.0003,  300,  12,  16,  5,  0.1,  521,  0.0003,  0.0,  0.0, 
1055,  6853,  completed,  eof,  2018-09-30 01:35:57,  2018-09-30 01:36:03,  6,  modelParams|tmParams|minThreshold_10.modelParams|tmParams|activationThreshold_13.modelParams|tmParams|pamLength_2.modelParams|clParams|alpha_0.025075.modelParams|sensorParams|encoders|disk:n_147.modelParams|spParams|synPermInactiveDec_0.075075,  300,  10,  13,  2,  0.025075,  147,  0.075075,  0.0,  0.0, 
1055,  6882,  completed,  eof,  2018-09-30 01:35:57,  2018-09-30 01:36:04,  7,  modelParams|tmParams|minThreshold_11.modelParams|tmParams|activationThreshold_15.modelParams|tmParams|pamLength_4.modelParams|clParams|alpha_0.075025.modelParams|sensorParams|encoders|disk:n_396.modelParams|spParams|synPermInactiveDec_0.025225,  300,  11,  15,  4,  0.075025,  396,  0.025225,  0.0,  0.0, 
1055,  6895,  completed,  eof,  2018-09-30 01:36:03,  2018-09-30 01:36:09,  6,  modelParams|tmParams|minThreshold_11.modelParams|tmParams|activationThreshold_14.modelParams|tmParams|pamLength_3.modelParams|clParams|alpha_0.055045.modelParams|sensorParams|encoders|disk:n_296.modelParams|spParams|synPermInactiveDec_0.055135,  300,  11,  14,  3,  0.055045,  296,  0.055135,  0.0,  0.0, 
1055,  6896,  completed,  eof,  2018-09-30 01:36:03,  2018-09-30 01:36:09,  6,  modelParams|tmParams|minThreshold_9.modelParams|tmParams|activationThreshold_12.modelParams|tmParams|pamLength_1.modelParams|clParams|alpha_0.0001.modelParams|sensorParams|encoders|disk:n_47.modelParams|spParams|synPermInactiveDec_0.1,  300,  9,  12,  1,  0.0001,  47,  0.1,  0.0,  0.0, 
1055,  6897,  completed,  eof,  2018-09-30 01:36:03,  2018-09-30 01:36:09,  6,  modelParams|tmParams|minThreshold_11.modelParams|tmParams|activationThreshold_14.modelParams|tmParams|pamLength_3.modelParams|clParams|alpha_0.040928518938.modelParams|sensorParams|encoders|disk:n_223.modelParams|spParams|synPermInactiveDec_0.0451116077776,  300,  11,  14,  3,  0.040928518938,  223,  0.0451116077776,  0.0,  0.0, 
1055,  6898,  completed,  eof,  2018-09-30 01:36:04,  2018-09-30 01:36:10,  6,  modelParams|tmParams|minThreshold_10.modelParams|tmParams|activationThreshold_14.modelParams|tmParams|pamLength_3.modelParams|clParams|alpha_0.059171481062.modelParams|sensorParams|encoders|disk:n_271.modelParams|spParams|synPermInactiveDec_0.0551883922224,  300,  10,  14,  3,  0.059171481062,  271,  0.0551883922224,  0.0,  0.0, 
1055,  6899,  completed,  eof,  2018-09-30 01:36:04,  2018-09-30 01:36:11,  7,  modelParams|tmParams|minThreshold_11.modelParams|tmParams|activationThreshold_14.modelParams|tmParams|pamLength_3.modelParams|clParams|alpha_0.0632979621241.modelParams|sensorParams|encoders|disk:n_344.modelParams|spParams|synPermInactiveDec_0.0552417844448,  300,  11,  14,  3,  0.0632979621241,  344,  0.0552417844448,  0.0,  0.0, 
1055,  6910,  completed,  killed,  2018-09-30 01:36:09,  2018-09-30 01:36:11,  2,  modelParams|tmParams|minThreshold_9.modelParams|tmParams|activationThreshold_12.modelParams|tmParams|pamLength_1.modelParams|clParams|alpha_0.0001.modelParams|sensorParams|encoders|disk:n_27.modelParams|spParams|synPermInactiveDec_0.1,  150,  9,  12,  1,  0.0001,  27,  0.1,  0.0,  0.0, 
1055,  6911,  completed,  killed,  2018-09-30 01:36:09,  2018-09-30 01:36:11,  2,  modelParams|tmParams|minThreshold_11.modelParams|tmParams|activationThreshold_14.modelParams|tmParams|pamLength_3.modelParams|clParams|alpha_0.0506794025183.modelParams|sensorParams|encoders|disk:n_277.modelParams|spParams|synPermInactiveDec_0.0502795805251,  100,  11,  14,  3,  0.0506794025183,  277,  0.0502795805251,  0.0,  0.0, 
1055,  6912,  completed,  killed,  2018-09-30 01:36:09,  2018-09-30 01:36:11,  2,  modelParams|tmParams|minThreshold_11.modelParams|tmParams|activationThreshold_14.modelParams|tmParams|pamLength_3.modelParams|clParams|alpha_0.0479211655334.modelParams|sensorParams|encoders|disk:n_264.modelParams|spParams|synPermInactiveDec_0.049317736745,  50,  11,  14,  3,  0.0479211655334,  264,  0.049317736745,  0.0,  0.0, 
1055,  6913,  completed,  killed,  2018-09-30 01:36:10,  2018-09-30 01:36:11,  1,  modelParams|tmParams|minThreshold_11.modelParams|tmParams|activationThreshold_14.modelParams|tmParams|pamLength_3.modelParams|clParams|alpha_0.0521788344666.modelParams|sensorParams|encoders|disk:n_270.modelParams|spParams|synPermInactiveDec_0.050982263255,  50,  11,  14,  3,  0.0521788344666,  270,  0.050982263255,  0.0,  0.0, 


jobID,  modelID,  status,  completionReason,  startTime,  endTime,  runtime(s),  expDesc,  numRecords,  modelParams|tmParams|minThreshold,  modelParams|tmParams|activationThreshold,  modelParams|tmParams|pamLength,  modelParams|clParams|alpha,  modelParams|sensorParams|encoders|disk:n,  modelParams|spParams|synPermInactiveDec,  multiStepBestPredictions:multiStep:errorMetric='aae':steps=[1]:window=1000:field=disk,  multiStepBestPredictions:multiStep:errorMetric='altMAPE':steps=[1]:window=1000:field=disk, 
1172,  12384,  completed,  eof,  2018-10-01 01:10:40,  2018-10-01 01:10:42,  2,  modelParams|tmParams|minThreshold_11.modelParams|tmParams|activationThreshold_14.modelParams|tmParams|pamLength_3.modelParams|clParams|alpha_0.05005.modelParams|sensorParams|encoders|disk:n_272.modelParams|spParams|synPermInactiveDec_0.05015,  100,  11,  14,  3,  0.05005,  272,  0.05015,  0.0,  0.0, 


jobID,  modelID,  status,  completionReason,  startTime,  endTime,  runtime(s),  expDesc,  numRecords,  modelParams|tmParams|minThreshold,  modelParams|tmParams|activationThreshold,  modelParams|tmParams|pamLength,  modelParams|clParams|alpha,  modelParams|sensorParams|encoders|disk:n,  modelParams|spParams|synPermInactiveDec,  multiStepBestPredictions:multiStep:errorMetric='aae':steps=[1]:window=1000:field=disk,  multiStepBestPredictions:multiStep:errorMetric='altMAPE':steps=[1]:window=1000:field=disk, 
1173,  12395,  completed,  eof,  2018-10-01 01:11:46,  2018-10-01 01:11:47,  1,  modelParams|tmParams|minThreshold_11.modelParams|tmParams|activationThreshold_14.modelParams|tmParams|pamLength_3.modelParams|clParams|alpha_0.05005.modelParams|sensorParams|encoders|disk:n_272.modelParams|spParams|synPermInactiveDec_0.05015,  100,  11,  14,  3,  0.05005,  272,  0.05015,  0.0,  0.0, 


jobID,  modelID,  status,  completionReason,  startTime,  endTime,  runtime(s),  expDesc,  numRecords,  modelParams|tmParams|minThreshold,  modelParams|tmParams|activationThreshold,  modelParams|tmParams|pamLength,  modelParams|clParams|alpha,  modelParams|sensorParams|encoders|disk:n,  modelParams|spParams|synPermInactiveDec,  multiStepBestPredictions:multiStep:errorMetric='aae':steps=[1]:window=1000:field=disk,  multiStepBestPredictions:multiStep:errorMetric='altMAPE':steps=[1]:window=1000:field=disk, 
1174,  12406,  completed,  eof,  2018-10-01 01:13:35,  2018-10-01 01:13:36,  1,  modelParams|tmParams|minThreshold_11.modelParams|tmParams|activationThreshold_14.modelParams|tmParams|pamLength_3.modelParams|clParams|alpha_0.05005.modelParams|sensorParams|encoders|disk:n_272.modelParams|spParams|synPermInactiveDec_0.05015,  100,  11,  14,  3,  0.05005,  272,  0.05015,  0.0,  0.0, 


jobID,  modelID,  status,  completionReason,  startTime,  endTime,  runtime(s),  expDesc,  numRecords,  modelParams|tmParams|minThreshold,  modelParams|tmParams|activationThreshold,  modelParams|tmParams|pamLength,  modelParams|clParams|alpha,  modelParams|sensorParams|encoders|disk:n,  modelParams|spParams|synPermInactiveDec,  multiStepBestPredictions:multiStep:errorMetric='aae':steps=[1]:window=1000:field=disk,  multiStepBestPredictions:multiStep:errorMetric='altMAPE':steps=[1]:window=1000:field=disk, 
1175,  12417,  completed,  eof,  2018-10-01 01:14:37,  2018-10-01 01:14:38,  1,  modelParams|tmParams|minThreshold_11.modelParams|tmParams|activationThreshold_14.modelParams|tmParams|pamLength_3.modelParams|clParams|alpha_0.05005.modelParams|sensorParams|encoders|disk:n_272.modelParams|spParams|synPermInactiveDec_0.05015,  100,  11,  14,  3,  0.05005,  272,  0.05015,  0.0,  0.0, 


jobID,  modelID,  status,  completionReason,  startTime,  endTime,  runtime(s),  expDesc,  numRecords,  modelParams|tmParams|minThreshold,  modelParams|tmParams|activationThreshold,  modelParams|tmParams|pamLength,  modelParams|clParams|alpha,  modelParams|sensorParams|encoders|disk:n,  modelParams|spParams|synPermInactiveDec,  multiStepBestPredictions:multiStep:errorMetric='aae':steps=[1]:window=1000:field=disk,  multiStepBestPredictions:multiStep:errorMetric='altMAPE':steps=[1]:window=1000:field=disk, 
1176,  12428,  completed,  eof,  2018-10-01 01:17:13,  2018-10-01 01:17:14,  1,  modelParams|tmParams|minThreshold_11.modelParams|tmParams|activationThreshold_14.modelParams|tmParams|pamLength_3.modelParams|clParams|alpha_0.05005.modelParams|sensorParams|encoders|disk:n_272.modelParams|spParams|synPermInactiveDec_0.05015,  100,  11,  14,  3,  0.05005,  272,  0.05015,  6.1887589934e-07,  9.64503177261e-07, 


jobID,  modelID,  status,  completionReason,  startTime,  endTime,  runtime(s),  expDesc,  numRecords,  modelParams|tmParams|minThreshold,  modelParams|tmParams|activationThreshold,  modelParams|tmParams|pamLength,  modelParams|clParams|alpha,  modelParams|sensorParams|encoders|disk:n,  modelParams|spParams|synPermInactiveDec,  multiStepBestPredictions:multiStep:errorMetric='aae':steps=[1]:window=1000:field=disk,  multiStepBestPredictions:multiStep:errorMetric='altMAPE':steps=[1]:window=1000:field=disk, 
1177,  12439,  completed,  eof,  2018-10-01 01:19:29,  2018-10-01 01:19:30,  1,  modelParams|tmParams|minThreshold_11.modelParams|tmParams|activationThreshold_14.modelParams|tmParams|pamLength_3.modelParams|clParams|alpha_0.05005.modelParams|sensorParams|encoders|disk:n_272.modelParams|spParams|synPermInactiveDec_0.05015,  100,  11,  14,  3,  0.05005,  272,  0.05015,  0.0,  0.0, 


jobID,  modelID,  status,  completionReason,  startTime,  endTime,  runtime(s),  expDesc,  numRecords,  modelParams|tmParams|minThreshold,  modelParams|tmParams|activationThreshold,  modelParams|tmParams|pamLength,  modelParams|clParams|alpha,  modelParams|sensorParams|encoders|disk:n,  modelParams|spParams|synPermInactiveDec,  multiStepBestPredictions:multiStep:errorMetric='aae':steps=[1]:window=1000:field=disk,  multiStepBestPredictions:multiStep:errorMetric='altMAPE':steps=[1]:window=1000:field=disk, 
1179,  12461,  completed,  eof,  2018-10-01 01:25:26,  2018-10-01 01:25:27,  1,  modelParams|tmParams|minThreshold_11.modelParams|tmParams|activationThreshold_14.modelParams|tmParams|pamLength_3.modelParams|clParams|alpha_0.05005.modelParams|sensorParams|encoders|disk:n_272.modelParams|spParams|synPermInactiveDec_0.05015,  100,  11,  14,  3,  0.05005,  272,  0.05015,  0.0,  0.0, 


jobID,  modelID,  status,  completionReason,  startTime,  endTime,  runtime(s),  expDesc,  numRecords,  modelParams|tmParams|minThreshold,  modelParams|tmParams|activationThreshold,  modelParams|tmParams|pamLength,  modelParams|clParams|alpha,  modelParams|sensorParams|encoders|disk:n,  modelParams|spParams|synPermInactiveDec,  multiStepBestPredictions:multiStep:errorMetric='aae':steps=[1]:window=1000:field=disk,  multiStepBestPredictions:multiStep:errorMetric='altMAPE':steps=[1]:window=1000:field=disk, 
1180,  12472,  completed,  eof,  2018-10-01 01:26:23,  2018-10-01 01:26:24,  1,  modelParams|tmParams|minThreshold_11.modelParams|tmParams|activationThreshold_14.modelParams|tmParams|pamLength_3.modelParams|clParams|alpha_0.05005.modelParams|sensorParams|encoders|disk:n_272.modelParams|spParams|synPermInactiveDec_0.05015,  100,  11,  14,  3,  0.05005,  272,  0.05015,  0.0,  0.0, 


jobID,  modelID,  status,  completionReason,  startTime,  endTime,  runtime(s),  expDesc,  numRecords,  modelParams|tmParams|minThreshold,  modelParams|tmParams|activationThreshold,  modelParams|tmParams|pamLength,  modelParams|clParams|alpha,  modelParams|sensorParams|encoders|disk:n,  modelParams|spParams|synPermInactiveDec,  multiStepBestPredictions:multiStep:errorMetric='aae':steps=[1]:window=1000:field=disk,  multiStepBestPredictions:multiStep:errorMetric='altMAPE':steps=[1]:window=1000:field=disk, 
1182,  12519,  completed,  eof,  2018-10-01 01:28:56,  2018-10-01 01:28:57,  1,  modelParams|tmParams|minThreshold_11.modelParams|tmParams|activationThreshold_14.modelParams|tmParams|pamLength_3.modelParams|clParams|alpha_0.05005.modelParams|sensorParams|encoders|disk:n_272.modelParams|spParams|synPermInactiveDec_0.05015,  100,  11,  14,  3,  0.05005,  272,  0.05015,  0.0,  0.0, 


jobID,  modelID,  status,  completionReason,  startTime,  endTime,  runtime(s),  expDesc,  numRecords,  modelParams|tmParams|minThreshold,  modelParams|tmParams|activationThreshold,  modelParams|tmParams|pamLength,  modelParams|clParams|alpha,  modelParams|sensorParams|encoders|disk:n,  modelParams|spParams|synPermInactiveDec,  multiStepBestPredictions:multiStep:errorMetric='aae':steps=[1]:window=1000:field=disk,  multiStepBestPredictions:multiStep:errorMetric='altMAPE':steps=[1]:window=1000:field=disk, 
1183,  12530,  completed,  eof,  2018-10-01 01:32:25,  2018-10-01 01:32:26,  1,  modelParams|tmParams|minThreshold_11.modelParams|tmParams|activationThreshold_14.modelParams|tmParams|pamLength_3.modelParams|clParams|alpha_0.05005.modelParams|sensorParams|encoders|disk:n_272.modelParams|spParams|synPermInactiveDec_0.05015,  100,  11,  14,  3,  0.05005,  272,  0.05015,  9.90453510453e-15,  1.54362605994e-14, 


jobID,  modelID,  status,  completionReason,  startTime,  endTime,  runtime(s),  expDesc,  numRecords,  modelParams|tmParams|minThreshold,  modelParams|tmParams|activationThreshold,  modelParams|tmParams|pamLength,  modelParams|clParams|alpha,  modelParams|sensorParams|encoders|disk:n,  modelParams|spParams|synPermInactiveDec,  multiStepBestPredictions:multiStep:errorMetric='aae':steps=[1]:window=1000:field=disk,  multiStepBestPredictions:multiStep:errorMetric='altMAPE':steps=[1]:window=1000:field=disk, 
1184,  12541,  completed,  eof,  2018-10-01 01:33:11,  2018-10-01 01:33:12,  1,  modelParams|tmParams|minThreshold_11.modelParams|tmParams|activationThreshold_14.modelParams|tmParams|pamLength_3.modelParams|clParams|alpha_0.05005.modelParams|sensorParams|encoders|disk:n_272.modelParams|spParams|synPermInactiveDec_0.05015,  100,  11,  14,  3,  0.05005,  272,  0.05015,  0.0,  0.0, 
